Name,2nd Grade Math
Description,"2nd grade math covering topics including addition, subtraction, place value, money, time, measurement, data, and geometry."
Publisher,Khan Academy
Grade Level,2nd Grade
Link,https://www.khanacademy.org/math/cc-2nd-grade-math

Title,Description,Action,URL
Add and subtract within 20: FAQ,,Read,https://www.khanacademy.org/math/cc-2nd-grade-math/x3184e0ec:add-and-subtract-within-20/x3184e0ec:add-within-20/a/add-within-20-faq
Adding within 20 using place value blocks,,Watch,https://www.khanacademy.org/math/cc-2nd-grade-math/x3184e0ec:add-and-subtract-within-20/x3184e0ec:add-within-20/v/adding-within-20-using-place-value-blocks
Adding within 20 using ten frames,,Watch,https://www.khanacademy.org/math/cc-2nd-grade-math/x3184e0ec:add-and-subtract-within-20/x3184e0ec:add-within-20/v/adding-within-20-using-ten-frames
Adding 7 + 6,,Watch,https://www.khanacademy.org/math/cc-2nd-grade-math/x3184e0ec:add-and-subtract-within-20/x3184e0ec:add-within-20/v/adding-within-20
Adding 8 + 7,,Watch,https://www.khanacademy.org/math/cc-2nd-grade-math/x3184e0ec:add-and-subtract-within-20/x3184e0ec:add-within-20/v/adding-within-20-example
Add within 20 visually,,Do,https://www.khanacademy.org/math/cc-2nd-grade-math/x3184e0ec:add-and-subtract-within-20/x3184e0ec:add-within-20/e/add-within-20-visually
Add within 20,,Do,https://www.khanacademy.org/math/cc-2nd-grade-math/x3184e0ec:add-and-subtract-within-20/x3184e0ec:add-within-20/e/addition_2
Adding with arrays,,Watch,https://www.khanacademy.org/math/cc-2nd-grade-math/x3184e0ec:add-and-subtract-within-20/cc-2nd-repeated-addition/v/adding-with-arrays
Adding with arrays,,Do,https://www.khanacademy.org/math/cc-2nd-grade-math/x3184e0ec:add-and-subtract-within-20/cc-2nd-repeated-addition/e/repeated-addition
Using arrays in word problems,,Do,https://www.khanacademy.org/math/cc-2nd-grade-math/x3184e0ec:add-and-subtract-within-20/cc-2nd-repeated-addition/v/using-arrays-in-word-problems
Repeated addition: haircuts,,Watch,https://www.khanacademy.org/math/cc-2nd-grade-math/x3184e0ec:add-and-subtract-within-20/cc-2nd-repeated-addition/v/repeated-addition-example
Array word problems,,Do,https://www.khanacademy.org/math/cc-2nd-grade-math/x3184e0ec:add-and-subtract-within-20/cc-2nd-repeated-addition/e/array-word-problems
"Unit 1, Quiz 1",,Do,https://www.khanacademy.org/math/cc-2nd-grade-math/x3184e0ec:add-and-subtract-within-20/cc-2nd-repeated-addition/quiz/x3184e0ec:add-and-subtract-within-20-quiz-1
Subtract within 20 using a number line,,Watch,https://www.khanacademy.org/math/cc-2nd-grade-math/x3184e0ec:add-and-subtract-within-20/x3184e0ec:subtract-within-20/v/subtract-within-20-using-a-number-line
Subtract within 20 using place value blocks,,Watch,https://www.khanacademy.org/math/cc-2nd-grade-math/x3184e0ec:add-and-subtract-within-20/x3184e0ec:subtract-within-20/v/subtract-within-20-using-place-value-blocks
Subtract within 20 using ten frames,,Watch,https://www.khanacademy.org/math/cc-2nd-grade-math/x3184e0ec:add-and-subtract-within-20/x3184e0ec:subtract-within-20/v/subtract-within-20-using-ten-frames
Subtracting 14 - 6,,Watch,https://www.khanacademy.org/math/cc-2nd-grade-math/x3184e0ec:add-and-subtract-within-20/x3184e0ec:subtract-within-20/v/subtracting-within-20
Subtract within 20 visually,,Do,https://www.khanacademy.org/math/cc-2nd-grade-math/x3184e0ec:add-and-subtract-within-20/x3184e0ec:subtract-within-20/e/subtract-within-20-visually
Subtract within 20,,Do,https://www.khanacademy.org/math/cc-2nd-grade-math/x3184e0ec:add-and-subtract-within-20/x3184e0ec:subtract-within-20/e/subtraction_2
Adding within 20 using place value blocks,,Watch,https://www.khanacademy.org/math/cc-2nd-grade-math/x3184e0ec:add-and-subtract-within-20/x3184e0ec:untitled-177/v/adding-within-20-using-place-value-blocks
Adding within 20 using ten frames,,Watch,https://www.khanacademy.org/math/cc-2nd-grade-math/x3184e0ec:add-and-subtract-within-20/x3184e0ec:untitled-177/v/adding-within-20-using-ten-frames
Subtract within 20 using place value blocks,,Watch,https://www.khanacademy.org/math/cc-2nd-grade-math/x3184e0ec:add-and-subtract-within-20/x3184e0ec:untitled-177/v/subtract-within-20-using-place-value-blocks
Subtract within 20 using a number line,,Watch,https://www.khanacademy.org/math/cc-2nd-grade-math/x3184e0ec:add-and-subtract-within-20/x3184e0ec:untitled-177/v/subtract-within-20-using-a-number-line
Add and subtract within 20,,Do,https://www.khanacademy.org/math/cc-2nd-grade-math/x3184e0ec:add-and-subtract-within-20/x3184e0ec:untitled-177/e/add-subtract-within-20
Addition and subtraction word problems: gorillas,,Watch,https://www.khanacademy.org/math/cc-2nd-grade-math/x3184e0ec:add-and-subtract-within-20/x3184e0ec:untitled-177/v/exercising-gorillas
Addition and subtraction word problems: superheroes,,Watch,https://www.khanacademy.org/math/cc-2nd-grade-math/x3184e0ec:add-and-subtract-within-20/x3184e0ec:untitled-177/v/sea-monsters-and-superheroes
Add and subtract within 20 word problems,,Do,https://www.khanacademy.org/math/cc-2nd-grade-math/x3184e0ec:add-and-subtract-within-20/x3184e0ec:untitled-177/e/addition-and-subtraction-word-problems-within-20--level-3
"Unit 1, Quiz 2",,Do,https://www.khanacademy.org/math/cc-2nd-grade-math/x3184e0ec:add-and-subtract-within-20/x3184e0ec:untitled-177/quiz/x3184e0ec:add-and-subtract-within-20-quiz-2
Unit 1 test,,Do,https://www.khanacademy.org/math/cc-2nd-grade-math/x3184e0ec:add-and-subtract-within-20/x3184e0ec:untitled-177/test/x3184e0ec:add-and-subtract-within-20-unit-test
Intro to place value: FAQ,,Read,https://www.khanacademy.org/math/cc-2nd-grade-math/cc-2nd-place-value/x3184e0ec:intro-to-place-value/a/intro-to-place-value-faq
Intro to place value,,Watch,https://www.khanacademy.org/math/cc-2nd-grade-math/cc-2nd-place-value/x3184e0ec:intro-to-place-value/v/baseten-warmup
"Use place value blocks to show numbers within 1,000",,Watch,https://www.khanacademy.org/math/cc-2nd-grade-math/cc-2nd-place-value/x3184e0ec:intro-to-place-value/v/use-place-value-blocks-to-show-numbers-within-1000
"Place value blocks within 1,000",,Do,https://www.khanacademy.org/math/cc-2nd-grade-math/cc-2nd-place-value/x3184e0ec:intro-to-place-value/e/place-value-blocks-within-1000
"Place value tables within 1,000",,Watch,https://www.khanacademy.org/math/cc-2nd-grade-math/cc-2nd-place-value/x3184e0ec:intro-to-place-value/v/place-value-tables-within-1000-2
"Place value tables within 1,000",,Do,https://www.khanacademy.org/math/cc-2nd-grade-math/cc-2nd-place-value/x3184e0ec:intro-to-place-value/e/place-value-tables-within-1000
Identifying value in digits,,Watch,https://www.khanacademy.org/math/cc-2nd-grade-math/cc-2nd-place-value/x3184e0ec:intro-to-place-value/v/identifying-value-in-digits
"Identify the value of a digit (ones, tens, hundreds)",,Do,https://www.khanacademy.org/math/cc-2nd-grade-math/cc-2nd-place-value/x3184e0ec:intro-to-place-value/e/identify-the-value-of-a-digit
Creating the largest number,,Watch,https://www.khanacademy.org/math/cc-2nd-grade-math/cc-2nd-place-value/x3184e0ec:intro-to-place-value/v/creating-the-largest-number
Create the largest number,,Do,https://www.khanacademy.org/math/cc-2nd-grade-math/cc-2nd-place-value/x3184e0ec:intro-to-place-value/e/create-the-largest-number
"Unit 2, Quiz 1",,Do,https://www.khanacademy.org/math/cc-2nd-grade-math/cc-2nd-place-value/x3184e0ec:intro-to-place-value/quiz/cc-2nd-place-value-quiz-1
Expanded form of numbers,,Watch,https://www.khanacademy.org/math/cc-2nd-grade-math/cc-2nd-place-value/x3184e0ec:numbers-in-standard-word-and-expanded-form/v/expanded-form-of-numbers
Write numbers in number and expanded form,,Do,https://www.khanacademy.org/math/cc-2nd-grade-math/cc-2nd-place-value/x3184e0ec:numbers-in-standard-word-and-expanded-form/e/write-numbers-between-standard-and-expanded-form
Number and word form of a number,,Watch,https://www.khanacademy.org/math/cc-2nd-grade-math/cc-2nd-place-value/x3184e0ec:numbers-in-standard-word-and-expanded-form/v/number-and-word-form-of-a-number
Write numbers in number and word form,,Do,https://www.khanacademy.org/math/cc-2nd-grade-math/cc-2nd-place-value/x3184e0ec:numbers-in-standard-word-and-expanded-form/e/write-numbers-between-standard-and-written-form
Word form and expanded form,,Watch,https://www.khanacademy.org/math/cc-2nd-grade-math/cc-2nd-place-value/x3184e0ec:numbers-in-standard-word-and-expanded-form/v/word-form-and-expanded-form
Write numbers in word and expanded form,,Do,https://www.khanacademy.org/math/cc-2nd-grade-math/cc-2nd-place-value/x3184e0ec:numbers-in-standard-word-and-expanded-form/e/write-numbers-between-written-and-expanded-form
Write numbers in different forms,,Do,https://www.khanacademy.org/math/cc-2nd-grade-math/cc-2nd-place-value/x3184e0ec:numbers-in-standard-word-and-expanded-form/e/writing-numbers-to-1000
"Unit 2, Quiz 2",,Do,https://www.khanacademy.org/math/cc-2nd-grade-math/cc-2nd-place-value/x3184e0ec:numbers-in-standard-word-and-expanded-form/quiz/cc-2nd-place-value-quiz-2
Regrouping whole numbers: 675,,Watch,https://www.khanacademy.org/math/cc-2nd-grade-math/cc-2nd-place-value/cc-2nd-hundreds/v/regrouping-whole-numbers
Regroup whole numbers,,Do,https://www.khanacademy.org/math/cc-2nd-grade-math/cc-2nd-place-value/cc-2nd-hundreds/e/regroup-whole-numbers
"Hundreds, tens, and ones",,Do,https://www.khanacademy.org/math/cc-2nd-grade-math/cc-2nd-place-value/cc-2nd-hundreds/e/hundreds--tens--and-ones
Greater than and less than symbols,,Watch,https://www.khanacademy.org/math/cc-2nd-grade-math/cc-2nd-place-value/cc-2nd-three-digit-compare/v/greater-than-and-less-than-symbols
Comparing whole numbers,,Watch,https://www.khanacademy.org/math/cc-2nd-grade-math/cc-2nd-place-value/cc-2nd-three-digit-compare/v/comparing-whole-numbers
Compare 2-digit numbers,,Do,https://www.khanacademy.org/math/cc-2nd-grade-math/cc-2nd-place-value/cc-2nd-three-digit-compare/e/comparing_whole_numbers
Compare 3-digit numbers,,Do,https://www.khanacademy.org/math/cc-2nd-grade-math/cc-2nd-place-value/cc-2nd-three-digit-compare/e/comparing-numbers-within-1000
"Unit 2, Quiz 3",,Do,https://www.khanacademy.org/math/cc-2nd-grade-math/cc-2nd-place-value/cc-2nd-three-digit-compare/quiz/cc-2nd-place-value-quiz-3
Understanding even and odd numbers visually,,Watch,https://www.khanacademy.org/math/cc-2nd-grade-math/cc-2nd-place-value/x3184e0ec:even-and-odd-numbers/v/understand-even-and-odd-numbers-visually
Understand even and odd numbers visually,,Do,https://www.khanacademy.org/math/cc-2nd-grade-math/cc-2nd-place-value/x3184e0ec:even-and-odd-numbers/e/understanding-even-and-odd-numbers-visually
Skip-counting by 5s,,Watch,https://www.khanacademy.org/math/cc-2nd-grade-math/cc-2nd-place-value/cc-2nd-skip-counting/v/skip-counting-by-5-example
Skip-count by 5s,,Do,https://www.khanacademy.org/math/cc-2nd-grade-math/cc-2nd-place-value/cc-2nd-skip-counting/e/skip-counting-by-5s
Counting by 10s,,Watch,https://www.khanacademy.org/math/cc-2nd-grade-math/cc-2nd-place-value/cc-2nd-skip-counting/v/counting-by-tens-examples
Skip-count by 10s,,Do,https://www.khanacademy.org/math/cc-2nd-grade-math/cc-2nd-place-value/cc-2nd-skip-counting/e/skip-counting-by-10s
Skip-counting by 100s,,Watch,https://www.khanacademy.org/math/cc-2nd-grade-math/cc-2nd-place-value/cc-2nd-skip-counting/v/skip-counting-by-100-example
Skip-counting by 100s,,Do,https://www.khanacademy.org/math/cc-2nd-grade-math/cc-2nd-place-value/cc-2nd-skip-counting/e/skip-counting-by-100s
"Unit 2, Quiz 4",,Do,https://www.khanacademy.org/math/cc-2nd-grade-math/cc-2nd-place-value/cc-2nd-skip-counting/quiz/cc-2nd-place-value-quiz-4
Unit 2 test,,Do,https://www.khanacademy.org/math/cc-2nd-grade-math/cc-2nd-place-value/cc-2nd-skip-counting/test/cc-2nd-place-value-unit-test
Add and subtract within 100: FAQ,,Read,https://www.khanacademy.org/math/cc-2nd-grade-math/cc-2nd-add-subtract-100/cc-2nd-add-100/a/add-and-subtract-within-100-faq
Adding 2-digit numbers without regrouping,,Watch,https://www.khanacademy.org/math/cc-2nd-grade-math/cc-2nd-add-subtract-100/cc-2nd-add-100/v/adding-two-digit-numbers-without-regrouping
Understanding place value when adding ones,,Watch,https://www.khanacademy.org/math/cc-2nd-grade-math/cc-2nd-add-subtract-100/cc-2nd-add-100/v/understanding-place-value-when-adding-ones
Understanding place value when adding tens,,Watch,https://www.khanacademy.org/math/cc-2nd-grade-math/cc-2nd-add-subtract-100/cc-2nd-add-100/v/understanding-place-value-while-adding-tens
Adding with regrouping,,Watch,https://www.khanacademy.org/math/cc-2nd-grade-math/cc-2nd-add-subtract-100/cc-2nd-add-100/v/addition-with-regrouping
Add within 100 using place value blocks,,Do,https://www.khanacademy.org/math/cc-2nd-grade-math/cc-2nd-add-subtract-100/cc-2nd-add-100/e/addition_3
Addition and subtraction with number lines,,Watch,https://www.khanacademy.org/math/cc-2nd-grade-math/cc-2nd-add-subtract-100/cc-2nd-add-100/v/correct-number-lines-for-addition-and-subtraction
Add within 100 using a number line,,Do,https://www.khanacademy.org/math/cc-2nd-grade-math/cc-2nd-add-subtract-100/cc-2nd-add-100/e/add-sub-within-100-w-num-line
Breaking apart 2-digit addition problems,,Watch,https://www.khanacademy.org/math/cc-2nd-grade-math/cc-2nd-add-subtract-100/cc-2nd-math-strategies-for-adding-within-100/v/breaking-apart-two-digit-addition-problems
Break apart 2-digit addition problems,,Do,https://www.khanacademy.org/math/cc-2nd-grade-math/cc-2nd-add-subtract-100/cc-2nd-math-strategies-for-adding-within-100/e/breaking-apart-two-digit-addition-problems
Adding 53+17 by making a group of 10,,Watch,https://www.khanacademy.org/math/cc-2nd-grade-math/cc-2nd-add-subtract-100/cc-2nd-math-strategies-for-adding-within-100/v/addition-using-groups-of-10-intro
Adding by making a group of 10,,Watch,https://www.khanacademy.org/math/cc-2nd-grade-math/cc-2nd-add-subtract-100/cc-2nd-math-strategies-for-adding-within-100/v/adding-by-getting-to-group-of-10-first
Add 2-digit numbers by making tens,,Do,https://www.khanacademy.org/math/cc-2nd-grade-math/cc-2nd-add-subtract-100/cc-2nd-math-strategies-for-adding-within-100/e/making-100
Strategies for adding 2-digit numbers,,Watch,https://www.khanacademy.org/math/cc-2nd-grade-math/cc-2nd-add-subtract-100/cc-2nd-math-strategies-for-adding-within-100/v/example-exercises-on-ways-to-add-two-digit-numbers
Select strategies for adding within 100,,Do,https://www.khanacademy.org/math/cc-2nd-grade-math/cc-2nd-add-subtract-100/cc-2nd-math-strategies-for-adding-within-100/e/select-strategies-for-adding-within-100
"Unit 3, Quiz 1",,Do,https://www.khanacademy.org/math/cc-2nd-grade-math/cc-2nd-add-subtract-100/cc-2nd-math-strategies-for-adding-within-100/quiz/cc-2nd-add-subtract-100-quiz-1
Subtracting 1s using place value,,Watch,https://www.khanacademy.org/math/cc-2nd-grade-math/cc-2nd-add-subtract-100/cc-2nd-sub-ones-tens/v/understanding-place-value-while-subtracting-ones
Subtracting 10s using place value,,Watch,https://www.khanacademy.org/math/cc-2nd-grade-math/cc-2nd-add-subtract-100/cc-2nd-sub-ones-tens/v/understanding-place-value-when-subtracting-tens
Subtracting two-digit numbers without regrouping,,Watch,https://www.khanacademy.org/math/cc-2nd-grade-math/cc-2nd-add-subtract-100/cc-2nd-sub-ones-tens/v/subtracting-two-digit-numbers-without-regrouping
Subtracting a 1-digit number with regrouping,,Watch,https://www.khanacademy.org/math/cc-2nd-grade-math/cc-2nd-add-subtract-100/cc-2nd-sub-ones-tens/v/regrouping-to-subtract-one-digit-number
Subtract within 100 using place value blocks,,Do,https://www.khanacademy.org/math/cc-2nd-grade-math/cc-2nd-add-subtract-100/cc-2nd-sub-ones-tens/e/subtraction_3
Addition and subtraction with number lines,,Watch,https://www.khanacademy.org/math/cc-2nd-grade-math/cc-2nd-add-subtract-100/cc-2nd-sub-ones-tens/v/correct-number-lines-for-addition-and-subtraction
Subtract within 100 using a number line,,Do,https://www.khanacademy.org/math/cc-2nd-grade-math/cc-2nd-add-subtract-100/cc-2nd-sub-ones-tens/e/subtract-within-100-level-2
Missing numbers in addition and subtraction,,Watch,https://www.khanacademy.org/math/cc-2nd-grade-math/cc-2nd-add-subtract-100/cc-2nd-add-sub-miss-value-prob/v/missing-numbers-in-addition-and-subtraction-within-100
Find the missing number (add and subtract within 100),,Do,https://www.khanacademy.org/math/cc-2nd-grade-math/cc-2nd-add-subtract-100/cc-2nd-add-sub-miss-value-prob/e/find-the-missing-number-add-sub-within-100
"Unit 3, Quiz 2",,Do,https://www.khanacademy.org/math/cc-2nd-grade-math/cc-2nd-add-subtract-100/cc-2nd-add-sub-miss-value-prob/quiz/cc-2nd-add-subtract-100-quiz-2
Addition word problem: horses,,Watch,https://www.khanacademy.org/math/cc-2nd-grade-math/cc-2nd-add-subtract-100/cc-2nd-add-sub-100-word-problems/v/fence-posts-for-horses
Addition word problems within 100,,Do,https://www.khanacademy.org/math/cc-2nd-grade-math/cc-2nd-add-subtract-100/cc-2nd-add-sub-100-word-problems/e/addition-and-subtraction-word-problems-within-100--level-1
Subtraction word problem: crayons,,Watch,https://www.khanacademy.org/math/cc-2nd-grade-math/cc-2nd-add-subtract-100/cc-2nd-add-sub-100-word-problems/v/using-crayons
Subtraction word problem: basketball,,Watch,https://www.khanacademy.org/math/cc-2nd-grade-math/cc-2nd-add-subtract-100/cc-2nd-add-sub-100-word-problems/v/fewer-word-problems
Subtraction word problems within 100,,Do,https://www.khanacademy.org/math/cc-2nd-grade-math/cc-2nd-add-subtract-100/cc-2nd-add-sub-100-word-problems/e/addition-and-subtraction-word-problems-within-100--level-2
Adding and subtracting on number line word problems,,Watch,https://www.khanacademy.org/math/cc-2nd-grade-math/cc-2nd-add-subtract-100/cc-2nd-more-fewer-100/v/adding-and-subtracting-on-number-line-word-problems
Adding two-digit numbers on a number line,,Watch,https://www.khanacademy.org/math/cc-2nd-grade-math/cc-2nd-add-subtract-100/cc-2nd-more-fewer-100/v/adding-two-digit-numbers-on-a-number-line
Add and subtract on the number line word problems,,Do,https://www.khanacademy.org/math/cc-2nd-grade-math/cc-2nd-add-subtract-100/cc-2nd-more-fewer-100/e/adding-and-subtracting-on-the-number-line-word-problems
Multi step addition word problem,,Watch,https://www.khanacademy.org/math/cc-2nd-grade-math/cc-2nd-add-subtract-100/cc-2nd-more-fewer-100/v/multi-step-addition-word-problem
2-step addition word problems within 100,,Do,https://www.khanacademy.org/math/cc-2nd-grade-math/cc-2nd-add-subtract-100/cc-2nd-more-fewer-100/e/addition-and-subtraction-word-problems-within-100--level-3
Multi-step subtraction word problem,,Watch,https://www.khanacademy.org/math/cc-2nd-grade-math/cc-2nd-add-subtract-100/cc-2nd-more-fewer-100/v/multi-step-subtraction-word-problem
2-step subtraction word problems within 100,,Do,https://www.khanacademy.org/math/cc-2nd-grade-math/cc-2nd-add-subtract-100/cc-2nd-more-fewer-100/e/addition-and-subtraction-word-problems-within-100--level-4
"Unit 3, Quiz 3",,Do,https://www.khanacademy.org/math/cc-2nd-grade-math/cc-2nd-add-subtract-100/cc-2nd-more-fewer-100/quiz/cc-2nd-add-subtract-100-quiz-3
Unit 3 test,,Do,https://www.khanacademy.org/math/cc-2nd-grade-math/cc-2nd-add-subtract-100/cc-2nd-more-fewer-100/test/cc-2nd-add-subtract-100-unit-test
"Adding and subtracting within 1,000: FAQ",,Read,https://www.khanacademy.org/math/cc-2nd-grade-math/cc-2nd-add-subtract-1000/cc-2nd-add-ones-tens-hundreds/a/adding-and-subtracting-within-1000-faq
Adding 10 or 100,,Watch,https://www.khanacademy.org/math/cc-2nd-grade-math/cc-2nd-add-subtract-1000/cc-2nd-add-ones-tens-hundreds/v/adding-ten-or-one-hundred
"Adding 1s, 10s, and 100s",,Watch,https://www.khanacademy.org/math/cc-2nd-grade-math/cc-2nd-add-subtract-1000/cc-2nd-add-ones-tens-hundreds/v/adding-hundreds-tens-and-ones
"Add within 1,000 using place value blocks",,Do,https://www.khanacademy.org/math/cc-2nd-grade-math/cc-2nd-add-subtract-1000/cc-2nd-add-ones-tens-hundreds/e/add-within-1000--level-2
Adding and subtracting on number line,,Watch,https://www.khanacademy.org/math/cc-2nd-grade-math/cc-2nd-add-subtract-1000/cc-2nd-add-ones-tens-hundreds/v/exercise-for-numberline-addition-and-subtraction
Add on a number line,,Do,https://www.khanacademy.org/math/cc-2nd-grade-math/cc-2nd-add-subtract-1000/cc-2nd-add-ones-tens-hundreds/e/adding-and-subtracting-within-1000-using-a-number-line
Adding 3-digit numbers (no regrouping),,Watch,https://www.khanacademy.org/math/cc-2nd-grade-math/cc-2nd-add-subtract-1000/cc-2nd-strategies-for-adding-two-and-three-digit-numbers/v/adding-three-digit-numbers-without-regrouping
Add 10s and 100s (no regrouping),,Do,https://www.khanacademy.org/math/cc-2nd-grade-math/cc-2nd-add-subtract-1000/cc-2nd-strategies-for-adding-two-and-three-digit-numbers/e/add-within-1000--level-1
Addition using groups of 10 and 100,,Watch,https://www.khanacademy.org/math/cc-2nd-grade-math/cc-2nd-add-subtract-1000/cc-2nd-strategies-for-adding-two-and-three-digit-numbers/v/addition-using-groups-of-10-and-100
Add using groups of 10 and 100,,Do,https://www.khanacademy.org/math/cc-2nd-grade-math/cc-2nd-add-subtract-1000/cc-2nd-strategies-for-adding-two-and-three-digit-numbers/e/making-100-and-1000
Breaking apart 3-digit addition problems,,Watch,https://www.khanacademy.org/math/cc-2nd-grade-math/cc-2nd-add-subtract-1000/cc-2nd-strategies-for-adding-two-and-three-digit-numbers/v/breaking-apart-three-digit-addition-problems
Break apart 3-digit addition problems,,Do,https://www.khanacademy.org/math/cc-2nd-grade-math/cc-2nd-add-subtract-1000/cc-2nd-strategies-for-adding-two-and-three-digit-numbers/e/break-apart-three-dig-add
"Select strategies for adding within 1000",,Do,https://www.khanacademy.org/math/cc-2nd-grade-math/cc-2nd-add-subtract-1000/cc-2nd-strategies-for-adding-two-and-three-digit-numbers/e/select-strategies-for-adding-within-1000
"Unit 4, Quiz 1",,Do,https://www.khanacademy.org/math/cc-2nd-grade-math/cc-2nd-add-subtract-1000/cc-2nd-strategies-for-adding-two-and-three-digit-numbers/quiz/cc-2nd-add-subtract-1000-quiz-1
"Subtracting 1, 10, or 100",,Watch,https://www.khanacademy.org/math/cc-2nd-grade-math/cc-2nd-add-subtract-1000/cc-2nd-sub-ones-tens-hundreds/v/subtracting-hundreds-and-tens
"Subtracting 1s, 10s, and 100s",,Watch,https://www.khanacademy.org/math/cc-2nd-grade-math/cc-2nd-add-subtract-1000/cc-2nd-sub-ones-tens-hundreds/v/subtracting-3-digits
Subtracting 3-digit numbers (no regrouping),,Watch,https://www.khanacademy.org/math/cc-2nd-grade-math/cc-2nd-add-subtract-1000/cc-2nd-sub-ones-tens-hundreds/v/subtracting-three-digit-numbers-without-regrouping
Subtract 10s and 100s (no regrouping),,Do,https://www.khanacademy.org/math/cc-2nd-grade-math/cc-2nd-add-subtract-1000/cc-2nd-sub-ones-tens-hundreds/e/subtract-within-1000--level-1
Subtracting with place value blocks (regrouping),,Watch,https://www.khanacademy.org/math/cc-2nd-grade-math/cc-2nd-add-subtract-1000/cc-2nd-sub-ones-tens-hundreds/v/subtracting-with-place-value-blocks-regrouping
"Subtract within 1,000 using place value blocks",,Do,https://www.khanacademy.org/math/cc-2nd-grade-math/cc-2nd-add-subtract-1000/cc-2nd-sub-ones-tens-hundreds/e/subtract-within-1000--level-2
Adding and subtracting on number line,,Watch,https://www.khanacademy.org/math/cc-2nd-grade-math/cc-2nd-add-subtract-1000/cc-2nd-sub-ones-tens-hundreds/v/exercise-for-numberline-addition-and-subtraction
Subtract on a number line,,Do,https://www.khanacademy.org/math/cc-2nd-grade-math/cc-2nd-add-subtract-1000/cc-2nd-sub-ones-tens-hundreds/e/subtract-on-a-number-line
Adding four two digit numbers,,Watch,https://www.khanacademy.org/math/cc-2nd-grade-math/cc-2nd-add-subtract-1000/x3184e0ec:adding-up-to-four-2-digit-numbers/v/adding-four-two-digit-numbers
Adding up to four 2-digit numbers,,Do,https://www.khanacademy.org/math/cc-2nd-grade-math/cc-2nd-add-subtract-1000/x3184e0ec:adding-up-to-four-2-digit-numbers/e/add-within-100--level-2
Adding multiple 2-digit numbers word problems,,Watch,https://www.khanacademy.org/math/cc-2nd-grade-math/cc-2nd-add-subtract-1000/x3184e0ec:adding-up-to-four-2-digit-numbers/v/adding-multiple-2-digit-numbers-word-problems
Adding up to four 2-digit numbers word problems,,Do,https://www.khanacademy.org/math/cc-2nd-grade-math/cc-2nd-add-subtract-1000/x3184e0ec:adding-up-to-four-2-digit-numbers/e/adding-up-to-four-2-digit-numbers-word-problems
"Unit 4, Quiz 2",,Do,https://www.khanacademy.org/math/cc-2nd-grade-math/cc-2nd-add-subtract-1000/x3184e0ec:adding-up-to-four-2-digit-numbers/quiz/cc-2nd-add-subtract-1000-quiz-2
Unit 4 test,,Do,https://www.khanacademy.org/math/cc-2nd-grade-math/cc-2nd-add-subtract-1000/x3184e0ec:adding-up-to-four-2-digit-numbers/test/cc-2nd-add-subtract-1000-unit-test
Money and time: FAQ,,Read,https://www.khanacademy.org/math/cc-2nd-grade-math/x3184e0ec:money-and-time/cc-2nd-money/a/money-and-time-faq
Counting American coins,,Watch,https://www.khanacademy.org/math/cc-2nd-grade-math/x3184e0ec:money-and-time/cc-2nd-money/v/counting-american-coins
Counting dollars,,Watch,https://www.khanacademy.org/math/cc-2nd-grade-math/x3184e0ec:money-and-time/cc-2nd-money/v/counting-dollars
Identify the value of US coins and dollars,,Do,https://www.khanacademy.org/math/cc-2nd-grade-math/x3184e0ec:money-and-time/cc-2nd-money/e/identify-the-value-of-different-forms-of-money-us
Count money (U.S.),,Do,https://www.khanacademy.org/math/cc-2nd-grade-math/x3184e0ec:money-and-time/cc-2nd-money/e/counting-money--us-
Money word problems (U.S.),,Do,https://www.khanacademy.org/math/cc-2nd-grade-math/x3184e0ec:money-and-time/cc-2nd-money/e/money-word-problems-us
"Unit 5, Quiz 1",,Do,https://www.khanacademy.org/math/cc-2nd-grade-math/x3184e0ec:money-and-time/cc-2nd-money/quiz/x3184e0ec:money-and-time-quiz-1
Time on a number line,,Watch,https://www.khanacademy.org/math/cc-2nd-grade-math/x3184e0ec:money-and-time/cc-2nd-time/v/time-on-a-number-line
Telling time on a number line,,Do,https://www.khanacademy.org/math/cc-2nd-grade-math/x3184e0ec:money-and-time/cc-2nd-time/e/telling_time
Telling time (labeled clock),,Watch,https://www.khanacademy.org/math/cc-2nd-grade-math/x3184e0ec:money-and-time/cc-2nd-time/v/telling-time-exercise-example-1
Telling time on a clock,,Do,https://www.khanacademy.org/math/cc-2nd-grade-math/x3184e0ec:money-and-time/cc-2nd-time/e/telling_time_0.5
"Unit 5, Quiz 2",,Do,https://www.khanacademy.org/math/cc-2nd-grade-math/x3184e0ec:money-and-time/cc-2nd-time/quiz/x3184e0ec:money-and-time-quiz-2
Unit 5 test,,Do,https://www.khanacademy.org/math/cc-2nd-grade-math/x3184e0ec:money-and-time/cc-2nd-time/test/x3184e0ec:money-and-time-unit-test
Measurement: FAQ,,Read,https://www.khanacademy.org/math/cc-2nd-grade-math/cc-2nd-measurement-data/x3184e0ec:units-of-length/a/measurement2-faq
Getting a sense of meters and centimeters,,Watch,https://www.khanacademy.org/math/cc-2nd-grade-math/cc-2nd-measurement-data/x3184e0ec:units-of-length/v/getting-a-sense-of-meters-and-centimeters
"Units of length (cm, m)",,Do,https://www.khanacademy.org/math/cc-2nd-grade-math/cc-2nd-measurement-data/x3184e0ec:units-of-length/e/units-of-length-cm-m
Getting a sense of inches and feet,,Watch,https://www.khanacademy.org/math/cc-2nd-grade-math/cc-2nd-measurement-data/x3184e0ec:units-of-length/v/getting-a-sense-of-inches-and-feet
"Units of length (inch, ft)",,Do,https://www.khanacademy.org/math/cc-2nd-grade-math/cc-2nd-measurement-data/x3184e0ec:units-of-length/e/units-of-length-inch-ft
Measuring in inches,,Watch,https://www.khanacademy.org/math/cc-2nd-grade-math/cc-2nd-measurement-data/cc-2nd-measuring-length/v/measuring-width-in-inches
"Measure lengths (inch, ft)",,Do,https://www.khanacademy.org/math/cc-2nd-grade-math/cc-2nd-measurement-data/cc-2nd-measuring-length/e/measure-lengths-inch-ft
"Measuring lengths (cm, m)",,Watch,https://www.khanacademy.org/math/cc-2nd-grade-math/cc-2nd-measurement-data/cc-2nd-measuring-length/v/measuring-lengths-2
"Measure lengths (cm, m)",,Do,https://www.khanacademy.org/math/cc-2nd-grade-math/cc-2nd-measurement-data/cc-2nd-measuring-length/e/measuring-lengths-2
Measuring lengths in different units,,Watch,https://www.khanacademy.org/math/cc-2nd-grade-math/cc-2nd-measurement-data/cc-2nd-measuring-length/v/measuring-lengths-in-different-units
Measure length in different units,,Do,https://www.khanacademy.org/math/cc-2nd-grade-math/cc-2nd-measurement-data/cc-2nd-measuring-length/e/measuring-length-in-different-units
"Unit 6, Quiz 1",,Do,https://www.khanacademy.org/math/cc-2nd-grade-math/cc-2nd-measurement-data/cc-2nd-measuring-length/quiz/cc-2nd-measurement-data-quiz-1
Estimating lengths,,Watch,https://www.khanacademy.org/math/cc-2nd-grade-math/cc-2nd-measurement-data/cc-2nd-compare-estimate-length/v/estimating-lengths
Estimate lengths,,Do,https://www.khanacademy.org/math/cc-2nd-grade-math/cc-2nd-measurement-data/cc-2nd-compare-estimate-length/e/estimating-lengths
Estimate lengths (US Customary units),,Do,https://www.khanacademy.org/math/cc-2nd-grade-math/cc-2nd-measurement-data/cc-2nd-compare-estimate-length/e/estimate-lengths--us-customary-units-
Length word problem example (US Customary),,Watch,https://www.khanacademy.org/math/cc-2nd-grade-math/cc-2nd-measurement-data/cc-2nd-length-word-problems/v/length-word-problem-example-us-customary
Length word problem (US customary),,Do,https://www.khanacademy.org/math/cc-2nd-grade-math/cc-2nd-measurement-data/cc-2nd-length-word-problems/e/length-word-problem-us-customary
Length word problems,,Watch,https://www.khanacademy.org/math/cc-2nd-grade-math/cc-2nd-measurement-data/cc-2nd-length-word-problems/v/length-word-problems
Length word problems,,Do,https://www.khanacademy.org/math/cc-2nd-grade-math/cc-2nd-measurement-data/cc-2nd-length-word-problems/e/length-word-problems
"Unit 6, Quiz 2",,Do,https://www.khanacademy.org/math/cc-2nd-grade-math/cc-2nd-measurement-data/cc-2nd-length-word-problems/quiz/cc-2nd-measurement-data-quiz-2
Unit 6 test,,Do,https://www.khanacademy.org/math/cc-2nd-grade-math/cc-2nd-measurement-data/cc-2nd-length-word-problems/test/cc-2nd-measurement-data-unit-test
Data: FAQ,,Read,https://www.khanacademy.org/math/cc-2nd-grade-math/x3184e0ec:data/cc-2nd-picture-graphs/a/data-faq
Making picture graphs and line plots,,Watch,https://www.khanacademy.org/math/cc-2nd-grade-math/x3184e0ec:data/cc-2nd-picture-graphs/v/making-line-plots
Picture graphs,,Watch,https://www.khanacademy.org/math/cc-2nd-grade-math/x3184e0ec:data/cc-2nd-picture-graphs/v/picture-graphs
Make picture graphs,,Do,https://www.khanacademy.org/math/cc-2nd-grade-math/x3184e0ec:data/cc-2nd-picture-graphs/e/make-picture-graphs-1
Solve problems with picture graphs,,Do,https://www.khanacademy.org/math/cc-2nd-grade-math/x3184e0ec:data/cc-2nd-picture-graphs/e/solving-problems-with-picture-graphs-1
"Unit 7, Quiz 1",,Do,https://www.khanacademy.org/math/cc-2nd-grade-math/x3184e0ec:data/cc-2nd-picture-graphs/quiz/x3184e0ec:data-quiz-1
Creating a bar graph,,Watch,https://www.khanacademy.org/math/cc-2nd-grade-math/x3184e0ec:data/cc-2nd-bar-graphs/v/creating-bar-charts-1
Reading bar graphs: bikes,,Watch,https://www.khanacademy.org/math/cc-2nd-grade-math/x3184e0ec:data/cc-2nd-bar-graphs/v/solving-problems-with-bar-graphs-2
Make bar graphs,,Do,https://www.khanacademy.org/math/cc-2nd-grade-math/x3184e0ec:data/cc-2nd-bar-graphs/e/make-bar-graphs-1
Solve problems with bar graphs,,Do,https://www.khanacademy.org/math/cc-2nd-grade-math/x3184e0ec:data/cc-2nd-bar-graphs/e/solving-problems-with-bar-graphs-2
"Unit 7, Quiz 2",,Do,https://www.khanacademy.org/math/cc-2nd-grade-math/x3184e0ec:data/cc-2nd-bar-graphs/quiz/x3184e0ec:data-quiz-2
Making picture graphs and line plots,,Watch,https://www.khanacademy.org/math/cc-2nd-grade-math/x3184e0ec:data/cc-2nd-line-plots/v/making-line-plots
Read line plots,,Watch,https://www.khanacademy.org/math/cc-2nd-grade-math/x3184e0ec:data/cc-2nd-line-plots/v/introduction-to-line-plots
Make line plots,,Do,https://www.khanacademy.org/math/cc-2nd-grade-math/x3184e0ec:data/cc-2nd-line-plots/e/creating-line-plots-1
Solve problems with line plots,,Do,https://www.khanacademy.org/math/cc-2nd-grade-math/x3184e0ec:data/cc-2nd-line-plots/e/solving-problems-with-line-plots-1
"Unit 7, Quiz 3",,Do,https://www.khanacademy.org/math/cc-2nd-grade-math/x3184e0ec:data/cc-2nd-line-plots/quiz/x3184e0ec:data-quiz-3
Unit 7 test,,Do,https://www.khanacademy.org/math/cc-2nd-grade-math/x3184e0ec:data/cc-2nd-line-plots/test/x3184e0ec:data-unit-test
Geometry: FAQ,,Read,https://www.khanacademy.org/math/cc-2nd-grade-math/x3184e0ec:geometry/cc-2nd-shapes/a/geometry2-faq
Recognizing shapes,,Watch,https://www.khanacademy.org/math/cc-2nd-grade-math/x3184e0ec:geometry/cc-2nd-shapes/v/recognizing-shapes
Cousin Fal's shape collection,,Watch,https://www.khanacademy.org/math/cc-2nd-grade-math/x3184e0ec:geometry/cc-2nd-shapes/v/sides-corners
Identify shapes,,Do,https://www.khanacademy.org/math/cc-2nd-grade-math/x3184e0ec:geometry/cc-2nd-shapes/e/recognizing-shapes
Classify shapes,,Do,https://www.khanacademy.org/math/cc-2nd-grade-math/x3184e0ec:geometry/cc-2nd-shapes/e/classify-shapes
Analyze shapes,,Do,https://www.khanacademy.org/math/cc-2nd-grade-math/x3184e0ec:geometry/cc-2nd-shapes/e/analyze-shapes
Shapes and angles,,Watch,https://www.khanacademy.org/math/cc-2nd-grade-math/x3184e0ec:geometry/cc-2nd-shapes/v/shapes-and-angles
Analyze shapes by angles,,Do,https://www.khanacademy.org/math/cc-2nd-grade-math/x3184e0ec:geometry/cc-2nd-shapes/e/analyze-shapes-by-angles
"Unit 8, Quiz 1",,Do,https://www.khanacademy.org/math/cc-2nd-grade-math/x3184e0ec:geometry/cc-2nd-shapes/quiz/x3184e0ec:geometry-quiz-1
Equal parts of circles and rectangles,,Watch,https://www.khanacademy.org/math/cc-2nd-grade-math/x3184e0ec:geometry/cc-2nd-fractions-of-shapes/v/equal-parts-of-circles-and-rectangles
Equal parts of circles,,Do,https://www.khanacademy.org/math/cc-2nd-grade-math/x3184e0ec:geometry/cc-2nd-fractions-of-shapes/e/equal-parts-of-circles
Equal parts of rectangles,,Do,https://www.khanacademy.org/math/cc-2nd-grade-math/x3184e0ec:geometry/cc-2nd-fractions-of-shapes/e/equal-parts-of-circles-and-rectangles
Equal parts of circles and rectangles,,Watch,https://www.khanacademy.org/math/cc-2nd-grade-math/x3184e0ec:geometry/x3184e0ec:partition-rectangles/v/equal-parts-of-circles-and-rectangles
Partitioning rectangles,,Watch,https://www.khanacademy.org/math/cc-2nd-grade-math/x3184e0ec:geometry/x3184e0ec:partition-rectangles/v/partition-rectangles
Partitioning rectangles,,Do,https://www.khanacademy.org/math/cc-2nd-grade-math/x3184e0ec:geometry/x3184e0ec:partition-rectangles/e/partitioning-rectangles
"Unit 8, Quiz 2",,Do,https://www.khanacademy.org/math/cc-2nd-grade-math/x3184e0ec:geometry/x3184e0ec:partition-rectangles/quiz/x3184e0ec:geometry-quiz-2
Unit 8 test,,Do,https://www.khanacademy.org/math/cc-2nd-grade-math/x3184e0ec:geometry/x3184e0ec:partition-rectangles/test/x3184e0ec:geometry-unit-test
Course challenge,,Do,https://www.khanacademy.org/math/cc-2nd-grade-math/test/x3184e0ec:course-challenge
