Name,6th Grade Math
Description,"A comprehensive 6th grade math curriculum covering ratios, rates, percents, fractions, decimals, negative numbers, expressions, equations, inequalities, coordinate planes, geometry, measurement, data analysis, and personal financial literacy. All content from Khan Academy."
Publisher,Khan Academy
Grade Level,6th Grade
Link,https://www.khanacademy.org/math/grade-6-math-tx

Title,Description,Action,URL
Intro to ratios,,Watch,https://www.khanacademy.org/math/grade-6-math-tx/x3931b57772b927b3:proportional-reasoning-ratios-rates/x3931b57772b927b3:intro-to-ratios/v/ratios-intro
Basic ratios,,Watch,https://www.khanacademy.org/math/grade-6-math-tx/x3931b57772b927b3:proportional-reasoning-ratios-rates/x3931b57772b927b3:intro-to-ratios/v/ratio-example-problems
Part:whole ratios,,Watch,https://www.khanacademy.org/math/grade-6-math-tx/x3931b57772b927b3:proportional-reasoning-ratios-rates/x3931b57772b927b3:intro-to-ratios/v/ratios-as-fractions
Basic ratios,,Do,https://www.khanacademy.org/math/grade-6-math-tx/x3931b57772b927b3:proportional-reasoning-ratios-rates/x3931b57772b927b3:intro-to-ratios/e/representing-ratios
Ratios as Fractions and Decimals,,Do,https://www.khanacademy.org/math/grade-6-math-tx/x3931b57772b927b3:proportional-reasoning-ratios-rates/x3931b57772b927b3:intro-to-ratios/e/ratios-fractions-decimals
Ratio review,,Read,https://www.khanacademy.org/math/grade-6-math-tx/x3931b57772b927b3:proportional-reasoning-ratios-rates/x3931b57772b927b3:intro-to-ratios/a/intro-to-ratios
"Unit 1, Quiz 1",,Do,https://www.khanacademy.org/math/grade-6-math-tx/x3931b57772b927b3:proportional-reasoning-ratios-rates/x3931b57772b927b3:intro-to-ratios/quiz/x3931b57772b927b3:proportional-reasoning-ratios-rates-quiz-1
Ratios with tape diagrams,,Watch,https://www.khanacademy.org/math/grade-6-math-tx/x3931b57772b927b3:proportional-reasoning-ratios-rates/x3931b57772b927b3:visualize-equivalent-ratios/v/ratios-with-tape-diagrams
Ratios with tape diagrams (part:whole),,Watch,https://www.khanacademy.org/math/grade-6-math-tx/x3931b57772b927b3:proportional-reasoning-ratios-rates/x3931b57772b927b3:visualize-equivalent-ratios/v/ratios-with-tape-diagrams-partwhole
Ratios with tape diagrams,,Do,https://www.khanacademy.org/math/grade-6-math-tx/x3931b57772b927b3:proportional-reasoning-ratios-rates/x3931b57772b927b3:visualize-equivalent-ratios/e/ratios-with-tape-diagrams
Equivalent ratio word problems,,Watch,https://www.khanacademy.org/math/grade-6-math-tx/x3931b57772b927b3:proportional-reasoning-ratios-rates/x3931b57772b927b3:visualize-equivalent-ratios/v/ratio-word-problem-examples
Simplify a ratio from a tape diagram,,Watch,https://www.khanacademy.org/math/grade-6-math-tx/x3931b57772b927b3:proportional-reasoning-ratios-rates/x3931b57772b927b3:visualize-equivalent-ratios/v/simplify-a-ratio-from-a-tape-diagram
Equivalent ratios with equal groups,,Do,https://www.khanacademy.org/math/grade-6-math-tx/x3931b57772b927b3:proportional-reasoning-ratios-rates/x3931b57772b927b3:visualize-equivalent-ratios/e/equivalent-ratio-word-problems--basic-
Ratios and double number lines,,Watch,https://www.khanacademy.org/math/grade-6-math-tx/x3931b57772b927b3:proportional-reasoning-ratios-rates/x3931b57772b927b3:visualize-equivalent-ratios/v/ratios-and-double-number-lines
Create double number lines,,Do,https://www.khanacademy.org/math/grade-6-math-tx/x3931b57772b927b3:proportional-reasoning-ratios-rates/x3931b57772b927b3:visualize-equivalent-ratios/e/create-double-number-lines
Ratios with double number lines,,Do,https://www.khanacademy.org/math/grade-6-math-tx/x3931b57772b927b3:proportional-reasoning-ratios-rates/x3931b57772b927b3:visualize-equivalent-ratios/e/ratios-with-double-number-lines
Relate double number lines and ratio tables,,Do,https://www.khanacademy.org/math/grade-6-math-tx/x3931b57772b927b3:proportional-reasoning-ratios-rates/x3931b57772b927b3:visualize-equivalent-ratios/e/relate-double-numbers-lines-and-ratio-tables
"Unit 1, Quiz 2",,Do,https://www.khanacademy.org/math/grade-6-math-tx/x3931b57772b927b3:proportional-reasoning-ratios-rates/x3931b57772b927b3:visualize-equivalent-ratios/quiz/x3931b57772b927b3:proportional-reasoning-ratios-rates-quiz-2
Ratio tables,,Read,https://www.khanacademy.org/math/grade-6-math-tx/x3931b57772b927b3:proportional-reasoning-ratios-rates/x3931b57772b927b3:equivalent-ratios/a/ratio-tables
Solving ratio problems with tables,,Watch,https://www.khanacademy.org/math/grade-6-math-tx/x3931b57772b927b3:proportional-reasoning-ratios-rates/x3931b57772b927b3:equivalent-ratios/v/solving-ratio-problems-with-tables-exercise
Ratio tables,,Do,https://www.khanacademy.org/math/grade-6-math-tx/x3931b57772b927b3:proportional-reasoning-ratios-rates/x3931b57772b927b3:equivalent-ratios/e/solving-ratio-problems-with-tables
Equivalent ratios,,Watch,https://www.khanacademy.org/math/grade-6-math-tx/x3931b57772b927b3:proportional-reasoning-ratios-rates/x3931b57772b927b3:equivalent-ratios/v/equivalent-ratios
Equivalent ratios: recipe,,Watch,https://www.khanacademy.org/math/grade-6-math-tx/x3931b57772b927b3:proportional-reasoning-ratios-rates/x3931b57772b927b3:equivalent-ratios/v/ratios-for-recipes
Equivalent ratios,,Do,https://www.khanacademy.org/math/grade-6-math-tx/x3931b57772b927b3:proportional-reasoning-ratios-rates/x3931b57772b927b3:equivalent-ratios/e/equivalent-ratios
Equivalent ratio word problems,,Do,https://www.khanacademy.org/math/grade-6-math-tx/x3931b57772b927b3:proportional-reasoning-ratios-rates/x3931b57772b927b3:equivalent-ratios/e/ratio_word_problems
Understanding equivalent ratios,,Watch,https://www.khanacademy.org/math/grade-6-math-tx/x3931b57772b927b3:proportional-reasoning-ratios-rates/x3931b57772b927b3:equivalent-ratios/v/understanding-equivalent-ratios
Equivalent ratios in the real world,,Do,https://www.khanacademy.org/math/grade-6-math-tx/x3931b57772b927b3:proportional-reasoning-ratios-rates/x3931b57772b927b3:equivalent-ratios/e/equivalent-ratios-in-the-real-world
Interpreting unequal ratios,,Watch,https://www.khanacademy.org/math/grade-6-math-tx/x3931b57772b927b3:proportional-reasoning-ratios-rates/x3931b57772b927b3:equivalent-ratios/v/interpreting-unequal-ratios
Understand equivalent ratios in the real world,,Do,https://www.khanacademy.org/math/grade-6-math-tx/x3931b57772b927b3:proportional-reasoning-ratios-rates/x3931b57772b927b3:equivalent-ratios/e/understand-equivalent-ratios
"Unit 1, Quiz 3",,Do,https://www.khanacademy.org/math/grade-6-math-tx/x3931b57772b927b3:proportional-reasoning-ratios-rates/x3931b57772b927b3:equivalent-ratios/quiz/x3931b57772b927b3:proportional-reasoning-ratios-rates-quiz-3
Ratios on coordinate plane,,Watch,https://www.khanacademy.org/math/grade-6-math-tx/x3931b57772b927b3:proportional-reasoning-ratios-rates/x3931b57772b927b3:ratio-application/v/ratios-on-coordinate-plane
Ratios on coordinate plane,,Do,https://www.khanacademy.org/math/grade-6-math-tx/x3931b57772b927b3:proportional-reasoning-ratios-rates/x3931b57772b927b3:ratio-application/e/ratios-on-coordinate-plane
Ratios and measurement,,Watch,https://www.khanacademy.org/math/grade-6-math-tx/x3931b57772b927b3:proportional-reasoning-ratios-rates/x3931b57772b927b3:ratio-application/v/ratios-and-measurement
Ratios and units of measurement,,Do,https://www.khanacademy.org/math/grade-6-math-tx/x3931b57772b927b3:proportional-reasoning-ratios-rates/x3931b57772b927b3:ratio-application/e/ratios-and-units-of-measurement
Part to whole ratio word problem using tables,,Watch,https://www.khanacademy.org/math/grade-6-math-tx/x3931b57772b927b3:proportional-reasoning-ratios-rates/x3931b57772b927b3:ratio-application/v/ratio-word-problem-exercise-example-1
Part-part-whole ratios,,Do,https://www.khanacademy.org/math/grade-6-math-tx/x3931b57772b927b3:proportional-reasoning-ratios-rates/x3931b57772b927b3:ratio-application/e/part-part-whole-ratios
"Unit 1, Quiz 4",,Do,https://www.khanacademy.org/math/grade-6-math-tx/x3931b57772b927b3:proportional-reasoning-ratios-rates/x3931b57772b927b3:ratio-application/quiz/x3931b57772b927b3:proportional-reasoning-ratios-rates-quiz-4
Intro to rates,,Watch,https://www.khanacademy.org/math/grade-6-math-tx/x3931b57772b927b3:proportional-reasoning-ratios-rates/x3931b57772b927b3:intro-to-rates/v/introduction-to-rates
Solving unit rate problem,,Watch,https://www.khanacademy.org/math/grade-6-math-tx/x3931b57772b927b3:proportional-reasoning-ratios-rates/x3931b57772b927b3:intro-to-rates/v/finding-unit-rates
Solving unit price problem,,Watch,https://www.khanacademy.org/math/grade-6-math-tx/x3931b57772b927b3:proportional-reasoning-ratios-rates/x3931b57772b927b3:intro-to-rates/v/finding-unit-prices
Unit rates,,Do,https://www.khanacademy.org/math/grade-6-math-tx/x3931b57772b927b3:proportional-reasoning-ratios-rates/x3931b57772b927b3:intro-to-rates/e/unit-rates
Rate problems,,Watch,https://www.khanacademy.org/math/grade-6-math-tx/x3931b57772b927b3:proportional-reasoning-ratios-rates/x3931b57772b927b3:intro-to-rates/v/rate-problems
Rate problems,,Do,https://www.khanacademy.org/math/grade-6-math-tx/x3931b57772b927b3:proportional-reasoning-ratios-rates/x3931b57772b927b3:intro-to-rates/e/rate_problems_0.5
Comparing rates example,,Watch,https://www.khanacademy.org/math/grade-6-math-tx/x3931b57772b927b3:proportional-reasoning-ratios-rates/x3931b57772b927b3:intro-to-rates/v/practice-computing-and-comparing-rates
Comparing rates,,Do,https://www.khanacademy.org/math/grade-6-math-tx/x3931b57772b927b3:proportional-reasoning-ratios-rates/x3931b57772b927b3:intro-to-rates/e/comparing-rates
Rate review,,Read,https://www.khanacademy.org/math/grade-6-math-tx/x3931b57772b927b3:proportional-reasoning-ratios-rates/x3931b57772b927b3:intro-to-rates/a/rate-review
"Unit 1, Quiz 5",,Do,https://www.khanacademy.org/math/grade-6-math-tx/x3931b57772b927b3:proportional-reasoning-ratios-rates/x3931b57772b927b3:intro-to-rates/quiz/x3931b57772b927b3:proportional-reasoning-ratios-rates-quiz-5
Unit 1 test,,Do,https://www.khanacademy.org/math/grade-6-math-tx/x3931b57772b927b3:proportional-reasoning-ratios-rates/x3931b57772b927b3:intro-to-rates/test/x3931b57772b927b3:proportional-reasoning-ratios-rates-unit-test
The meaning of percent,,Watch,https://www.khanacademy.org/math/grade-6-math-tx/x3931b57772b927b3:equivalent-fractions-decimals-and-percents/x3931b57772b927b3:intro-to-percents/v/describing-the-meaning-of-percent
Meaning of 109%,,Watch,https://www.khanacademy.org/math/grade-6-math-tx/x3931b57772b927b3:equivalent-fractions-decimals-and-percents/x3931b57772b927b3:intro-to-percents/v/describing-the-meaning-of-percent-2
Intro to percents,,Do,https://www.khanacademy.org/math/grade-6-math-tx/x3931b57772b927b3:equivalent-fractions-decimals-and-percents/x3931b57772b927b3:intro-to-percents/e/intro-to-percents
Percents from fraction models,,Watch,https://www.khanacademy.org/math/grade-6-math-tx/x3931b57772b927b3:equivalent-fractions-decimals-and-percents/x3931b57772b927b3:intro-to-percents/v/percent-from-fraction-models
Percents from fraction models,,Do,https://www.khanacademy.org/math/grade-6-math-tx/x3931b57772b927b3:equivalent-fractions-decimals-and-percents/x3931b57772b927b3:intro-to-percents/e/percents-from-fraction-models
"Fraction, decimal, and percent from visual model",,Watch,https://www.khanacademy.org/math/grade-6-math-tx/x3931b57772b927b3:equivalent-fractions-decimals-and-percents/x3931b57772b927b3:intro-to-percents/v/fraction-decimal-and-percent-from-visual-model
"Relate fractions, decimals, and percents",,Do,https://www.khanacademy.org/math/grade-6-math-tx/x3931b57772b927b3:equivalent-fractions-decimals-and-percents/x3931b57772b927b3:intro-to-percents/e/relate-fractions--decimals--and-percents
Finding percentages with a double number line,,Watch,https://www.khanacademy.org/math/grade-6-math-tx/x3931b57772b927b3:equivalent-fractions-decimals-and-percents/x3931b57772b927b3:visualizing-percents/v/finding-percentages-with-a-double-number-line
Finding the whole with a tape diagram,,Watch,https://www.khanacademy.org/math/grade-6-math-tx/x3931b57772b927b3:equivalent-fractions-decimals-and-percents/x3931b57772b927b3:visualizing-percents/v/finding-the-whole-with-a-tape-diagram
Find percents visually,,Do,https://www.khanacademy.org/math/grade-6-math-tx/x3931b57772b927b3:equivalent-fractions-decimals-and-percents/x3931b57772b927b3:visualizing-percents/e/find-percents-visually
"Unit 2, Quiz 1",,Do,https://www.khanacademy.org/math/grade-6-math-tx/x3931b57772b927b3:equivalent-fractions-decimals-and-percents/x3931b57772b927b3:visualizing-percents/quiz/x3931b57772b927b3:equivalent-fractions-decimals-and-percents-quiz-1
Converting percents to decimals & fractions example,,Watch,https://www.khanacademy.org/math/grade-6-math-tx/x3931b57772b927b3:equivalent-fractions-decimals-and-percents/x3931b57772b927b3:percent-decimal-and-fraction-conversions/v/representing-a-number-as-a-decimal-percent-and-fraction
"Converting between percents, fractions, & decimals",,Read,https://www.khanacademy.org/math/grade-6-math-tx/x3931b57772b927b3:equivalent-fractions-decimals-and-percents/x3931b57772b927b3:percent-decimal-and-fraction-conversions/a/converting-between-percents-fractions-decimals
Convert percents to fractions,,Do,https://www.khanacademy.org/math/grade-6-math-tx/x3931b57772b927b3:equivalent-fractions-decimals-and-percents/x3931b57772b927b3:percent-decimal-and-fraction-conversions/e/converting-between-fractions-and-percents
Convert fractions to percents,,Do,https://www.khanacademy.org/math/grade-6-math-tx/x3931b57772b927b3:equivalent-fractions-decimals-and-percents/x3931b57772b927b3:percent-decimal-and-fraction-conversions/e/converting-fraction-to-percents
Converting decimals to percents: 0.601,,Watch,https://www.khanacademy.org/math/grade-6-math-tx/x3931b57772b927b3:equivalent-fractions-decimals-and-percents/x3931b57772b927b3:percent-decimal-and-fraction-conversions/v/converting-decimals-to-percents-ex-1
Converting decimals to percents: 1.501,,Watch,https://www.khanacademy.org/math/grade-6-math-tx/x3931b57772b927b3:equivalent-fractions-decimals-and-percents/x3931b57772b927b3:percent-decimal-and-fraction-conversions/v/converting-decimals-to-percents-ex-2
Convert decimals to percents,,Do,https://www.khanacademy.org/math/grade-6-math-tx/x3931b57772b927b3:equivalent-fractions-decimals-and-percents/x3931b57772b927b3:percent-decimal-and-fraction-conversions/e/converting_decimals_to_percents
Converting percents to decimals: 113.9%,,Watch,https://www.khanacademy.org/math/grade-6-math-tx/x3931b57772b927b3:equivalent-fractions-decimals-and-percents/x3931b57772b927b3:percent-decimal-and-fraction-conversions/v/converting-percents-to-decimals-ex-2
Converting percents to decimals: 59.2%,,Watch,https://www.khanacademy.org/math/grade-6-math-tx/x3931b57772b927b3:equivalent-fractions-decimals-and-percents/x3931b57772b927b3:percent-decimal-and-fraction-conversions/v/converting-percents-to-decimals-ex-1
Convert percents to decimals,,Do,https://www.khanacademy.org/math/grade-6-math-tx/x3931b57772b927b3:equivalent-fractions-decimals-and-percents/x3931b57772b927b3:percent-decimal-and-fraction-conversions/e/converting_percents_to_decimals
Converting percents and fractions review,,Read,https://www.khanacademy.org/math/grade-6-math-tx/x3931b57772b927b3:equivalent-fractions-decimals-and-percents/x3931b57772b927b3:percent-decimal-and-fraction-conversions/a/converting-percents-and-fractions-review
"Unit 2, Quiz 2",,Do,https://www.khanacademy.org/math/grade-6-math-tx/x3931b57772b927b3:equivalent-fractions-decimals-and-percents/x3931b57772b927b3:percent-decimal-and-fraction-conversions/quiz/x3931b57772b927b3:equivalent-fractions-decimals-and-percents-quiz-2
Percent of a whole number,,Watch,https://www.khanacademy.org/math/grade-6-math-tx/x3931b57772b927b3:equivalent-fractions-decimals-and-percents/x3931b57772b927b3:equivalent-representations-of-percent-problems/v/taking-a-percentage-example
Ways to rewrite a percentage,,Watch,https://www.khanacademy.org/math/grade-6-math-tx/x3931b57772b927b3:equivalent-fractions-decimals-and-percents/x3931b57772b927b3:equivalent-representations-of-percent-problems/v/ways-to-rewrite-a-percentage
Equivalent representations of percent problems,,Do,https://www.khanacademy.org/math/grade-6-math-tx/x3931b57772b927b3:equivalent-fractions-decimals-and-percents/x3931b57772b927b3:equivalent-representations-of-percent-problems/e/equivalent-representations-of-percent-problems
Finding common percentages,,Watch,https://www.khanacademy.org/math/grade-6-math-tx/x3931b57772b927b3:equivalent-fractions-decimals-and-percents/x3931b57772b927b3:equivalent-representations-of-percent-problems/v/common-percentages
Benchmark percents,,Do,https://www.khanacademy.org/math/grade-6-math-tx/x3931b57772b927b3:equivalent-fractions-decimals-and-percents/x3931b57772b927b3:equivalent-representations-of-percent-problems/e/benchmark-percents
Finding a percent,,Watch,https://www.khanacademy.org/math/grade-6-math-tx/x3931b57772b927b3:equivalent-fractions-decimals-and-percents/x3931b57772b927b3:percent-problems/v/finding-percentages-example
Finding percents,,Do,https://www.khanacademy.org/math/grade-6-math-tx/x3931b57772b927b3:equivalent-fractions-decimals-and-percents/x3931b57772b927b3:percent-problems/e/finding_percents
Percent word problem: recycling cans,,Watch,https://www.khanacademy.org/math/grade-6-math-tx/x3931b57772b927b3:equivalent-fractions-decimals-and-percents/x3931b57772b927b3:percent-word-problems/v/percent-word-problems
Percent word problems,,Do,https://www.khanacademy.org/math/grade-6-math-tx/x3931b57772b927b3:equivalent-fractions-decimals-and-percents/x3931b57772b927b3:percent-word-problems/e/percentage_word_problems_1
"Unit 2, Quiz 3",,Do,https://www.khanacademy.org/math/grade-6-math-tx/x3931b57772b927b3:equivalent-fractions-decimals-and-percents/x3931b57772b927b3:percent-word-problems/quiz/x3931b57772b927b3:equivalent-fractions-decimals-and-percents-quiz-3
Unit 2 test,,Do,https://www.khanacademy.org/math/grade-6-math-tx/x3931b57772b927b3:equivalent-fractions-decimals-and-percents/x3931b57772b927b3:percent-word-problems/test/x3931b57772b927b3:equivalent-fractions-decimals-and-percents-unit-test
Classifying rational numbers,,Watch,https://www.khanacademy.org/math/grade-6-math-tx/x3931b57772b927b3:ordering-fractions-decimals-integers/x3931b57772b927b3:intro-to-negative-numbers/v/classifying-rational-numbers
Classify rational numbers,,Do,https://www.khanacademy.org/math/grade-6-math-tx/x3931b57772b927b3:ordering-fractions-decimals-integers/x3931b57772b927b3:intro-to-negative-numbers/e/classify-rational-numbers
Introduction to negative numbers,,Watch,https://www.khanacademy.org/math/grade-6-math-tx/x3931b57772b927b3:ordering-fractions-decimals-integers/x3931b57772b927b3:intro-to-negative-numbers/v/introduction-to-negative-numbers
Intro to negative numbers,,Read,https://www.khanacademy.org/math/grade-6-math-tx/x3931b57772b927b3:ordering-fractions-decimals-integers/x3931b57772b927b3:intro-to-negative-numbers/a/intro-to-negative-numbers
Negative numbers on the number line,,Do,https://www.khanacademy.org/math/grade-6-math-tx/x3931b57772b927b3:ordering-fractions-decimals-integers/x3931b57772b927b3:intro-to-negative-numbers/e/number_line_2
Interpreting negative numbers,,Do,https://www.khanacademy.org/math/grade-6-math-tx/x3931b57772b927b3:ordering-fractions-decimals-integers/x3931b57772b927b3:intro-to-negative-numbers/e/negative_number_word_problems
Negative symbol as opposite,,Watch,https://www.khanacademy.org/math/grade-6-math-tx/x3931b57772b927b3:ordering-fractions-decimals-integers/x3931b57772b927b3:negative-symbol-as-opposite/v/negative-symbol-as-opposite
Negative symbol as opposite,,Do,https://www.khanacademy.org/math/grade-6-math-tx/x3931b57772b927b3:ordering-fractions-decimals-integers/x3931b57772b927b3:negative-symbol-as-opposite/e/negative-symbol-as-opposite
Number opposites,,Watch,https://www.khanacademy.org/math/grade-6-math-tx/x3931b57772b927b3:ordering-fractions-decimals-integers/x3931b57772b927b3:negative-symbol-as-opposite/v/opposite-of-a-number
Number opposites,,Do,https://www.khanacademy.org/math/grade-6-math-tx/x3931b57772b927b3:ordering-fractions-decimals-integers/x3931b57772b927b3:negative-symbol-as-opposite/e/number-opposites
Number opposites review,,Read,https://www.khanacademy.org/math/grade-6-math-tx/x3931b57772b927b3:ordering-fractions-decimals-integers/x3931b57772b927b3:negative-symbol-as-opposite/a/number-opposites-review
"Unit 3, Quiz 1",,Do,https://www.khanacademy.org/math/grade-6-math-tx/x3931b57772b927b3:ordering-fractions-decimals-integers/x3931b57772b927b3:negative-symbol-as-opposite/quiz/x3931b57772b927b3:ordering-fractions-decimals-integers-quiz-1
Thousandths on the number line,,Watch,https://www.khanacademy.org/math/grade-6-math-tx/x3931b57772b927b3:ordering-fractions-decimals-integers/x3931b57772b927b3:rational-numbers-on-the-number-line/v/thousandths-on-the-number-line
Decimals on the number line: thousandths,,Do,https://www.khanacademy.org/math/grade-6-math-tx/x3931b57772b927b3:ordering-fractions-decimals-integers/x3931b57772b927b3:rational-numbers-on-the-number-line/e/decimals-on-the-number-line--thousandths-
Negative decimals on the number line,,Watch,https://www.khanacademy.org/math/grade-6-math-tx/x3931b57772b927b3:ordering-fractions-decimals-integers/x3931b57772b927b3:rational-numbers-on-the-number-line/v/positive-and-negative-decimals-on-a-number-line
Negative decimals on the number line,,Do,https://www.khanacademy.org/math/grade-6-math-tx/x3931b57772b927b3:ordering-fractions-decimals-integers/x3931b57772b927b3:rational-numbers-on-the-number-line/e/decimals_on_the_number_line_3
Decimals & fractions on the number line,,Watch,https://www.khanacademy.org/math/grade-6-math-tx/x3931b57772b927b3:ordering-fractions-decimals-integers/x3931b57772b927b3:rational-numbers-on-the-number-line/v/points-on-a-number-line
Negative fractions on the number line,,Do,https://www.khanacademy.org/math/grade-6-math-tx/x3931b57772b927b3:ordering-fractions-decimals-integers/x3931b57772b927b3:rational-numbers-on-the-number-line/e/fractions_on_the_number_line_3
"Unit 3, Quiz 2",,Do,https://www.khanacademy.org/math/grade-6-math-tx/x3931b57772b927b3:ordering-fractions-decimals-integers/x3931b57772b927b3:rational-numbers-on-the-number-line/quiz/x3931b57772b927b3:ordering-fractions-decimals-integers-quiz-2
Comparing rational numbers,,Watch,https://www.khanacademy.org/math/grade-6-math-tx/x3931b57772b927b3:ordering-fractions-decimals-integers/x3931b57772b927b3:comparing-negative-numbers/v/comparing-rational-numbers
Compare rational numbers using a number line,,Watch,https://www.khanacademy.org/math/grade-6-math-tx/x3931b57772b927b3:ordering-fractions-decimals-integers/x3931b57772b927b3:comparing-negative-numbers/v/compare-rational-numbers-using-a-number-line
Compare rational numbers using a number line,,Do,https://www.khanacademy.org/math/grade-6-math-tx/x3931b57772b927b3:ordering-fractions-decimals-integers/x3931b57772b927b3:comparing-negative-numbers/e/understanding-inequalities-and-the-number-line
Compare rational numbers,,Do,https://www.khanacademy.org/math/grade-6-math-tx/x3931b57772b927b3:ordering-fractions-decimals-integers/x3931b57772b927b3:comparing-negative-numbers/e/ordering-rational-numbers
Ordering negative numbers,,Watch,https://www.khanacademy.org/math/grade-6-math-tx/x3931b57772b927b3:ordering-fractions-decimals-integers/x3931b57772b927b3:ordering-rational-numbers/v/ordering-negative-numbers
Ordering small negative numbers,,Do,https://www.khanacademy.org/math/grade-6-math-tx/x3931b57772b927b3:ordering-fractions-decimals-integers/x3931b57772b927b3:ordering-rational-numbers/e/ordering-small-negative-numbers
Ordering rational numbers,,Watch,https://www.khanacademy.org/math/grade-6-math-tx/x3931b57772b927b3:ordering-fractions-decimals-integers/x3931b57772b927b3:ordering-rational-numbers/v/ordering-rational-numbers
Ordering rational numbers,,Do,https://www.khanacademy.org/math/grade-6-math-tx/x3931b57772b927b3:ordering-fractions-decimals-integers/x3931b57772b927b3:ordering-rational-numbers/e/ordering_negative_numbers
Order rational numbers in context,,Do,https://www.khanacademy.org/math/grade-6-math-tx/x3931b57772b927b3:ordering-fractions-decimals-integers/x3931b57772b927b3:ordering-rational-numbers/e/order-rational-numbers-in-context
"Unit 3, Quiz 3",,Do,https://www.khanacademy.org/math/grade-6-math-tx/x3931b57772b927b3:ordering-fractions-decimals-integers/x3931b57772b927b3:ordering-rational-numbers/quiz/x3931b57772b927b3:ordering-fractions-decimals-integers-quiz-3
Absolute value examples,,Watch,https://www.khanacademy.org/math/grade-6-math-tx/x3931b57772b927b3:ordering-fractions-decimals-integers/x3931b57772b927b3:intro-to-absolute-value/v/absolute-value-of-integers
Intro to absolute value,,Read,https://www.khanacademy.org/math/grade-6-math-tx/x3931b57772b927b3:ordering-fractions-decimals-integers/x3931b57772b927b3:intro-to-absolute-value/a/intro-to-absolute-value
Meaning of absolute value,,Watch,https://www.khanacademy.org/math/grade-6-math-tx/x3931b57772b927b3:ordering-fractions-decimals-integers/x3931b57772b927b3:intro-to-absolute-value/v/meaning-of-absolute-value
Meaning of absolute value,,Do,https://www.khanacademy.org/math/grade-6-math-tx/x3931b57772b927b3:ordering-fractions-decimals-integers/x3931b57772b927b3:intro-to-absolute-value/e/meaning-of-absolute-value
Finding absolute values,,Do,https://www.khanacademy.org/math/grade-6-math-tx/x3931b57772b927b3:ordering-fractions-decimals-integers/x3931b57772b927b3:intro-to-absolute-value/e/absolute_value
Absolute value review,,Read,https://www.khanacademy.org/math/grade-6-math-tx/x3931b57772b927b3:ordering-fractions-decimals-integers/x3931b57772b927b3:intro-to-absolute-value/a/absolute-value-review
"Unit 3, Quiz 4",,Do,https://www.khanacademy.org/math/grade-6-math-tx/x3931b57772b927b3:ordering-fractions-decimals-integers/x3931b57772b927b3:intro-to-absolute-value/quiz/x3931b57772b927b3:ordering-fractions-decimals-integers-quiz-4
Unit 3 test,,Do,https://www.khanacademy.org/math/grade-6-math-tx/x3931b57772b927b3:ordering-fractions-decimals-integers/x3931b57772b927b3:intro-to-absolute-value/test/x3931b57772b927b3:ordering-fractions-decimals-integers-unit-test
Intro to multiplying decimals,,Watch,https://www.khanacademy.org/math/grade-6-math-tx/x3931b57772b927b3:multiply-fractions-decimals/x3931b57772b927b3:multiplying-decimals/v/intro-to-multiplying-decimals
Decimal multiplication place value,,Watch,https://www.khanacademy.org/math/grade-6-math-tx/x3931b57772b927b3:multiply-fractions-decimals/x3931b57772b927b3:multiplying-decimals/v/decimal-multiplication-place-value
Multiplying challenging decimals,,Watch,https://www.khanacademy.org/math/grade-6-math-tx/x3931b57772b927b3:multiply-fractions-decimals/x3931b57772b927b3:multiplying-decimals/v/more-involved-multiplying-decimals-example
Decimal multiplication place value,,Do,https://www.khanacademy.org/math/grade-6-math-tx/x3931b57772b927b3:multiply-fractions-decimals/x3931b57772b927b3:multiplying-decimals/e/multiplying_decimals_1
Multiplying decimals like 0.847x3.54 (standard algorithm),,Do,https://www.khanacademy.org/math/grade-6-math-tx/x3931b57772b927b3:multiply-fractions-decimals/x3931b57772b927b3:multiplying-decimals/e/multiplying_decimals
Multiplication as scaling with fractions,,Watch,https://www.khanacademy.org/math/grade-6-math-tx/x3931b57772b927b3:multiply-fractions-decimals/x3931b57772b927b3:multiplication-as-scaling/v/multiplication-as-scaling
Fraction multiplication as scaling examples,,Watch,https://www.khanacademy.org/math/grade-6-math-tx/x3931b57772b927b3:multiply-fractions-decimals/x3931b57772b927b3:multiplication-as-scaling/v/fraction-multiplication-as-scaling-examples
Fraction multiplication as scaling,,Do,https://www.khanacademy.org/math/grade-6-math-tx/x3931b57772b927b3:multiply-fractions-decimals/x3931b57772b927b3:multiplication-as-scaling/e/fraction-multiplication-as-scaling
"Unit 4, Quiz 1",,Do,https://www.khanacademy.org/math/grade-6-math-tx/x3931b57772b927b3:multiply-fractions-decimals/x3931b57772b927b3:multiplication-as-scaling/quiz/x3931b57772b927b3:multiply-fractions-decimals-quiz-1
Multiplying 2 fractions: 5/6 x 2/3,,Watch,https://www.khanacademy.org/math/grade-6-math-tx/x3931b57772b927b3:multiply-fractions-decimals/x3931b57772b927b3:multiplying-fractions/v/multiplying-fractions
Multiplying fractions,,Do,https://www.khanacademy.org/math/grade-6-math-tx/x3931b57772b927b3:multiply-fractions-decimals/x3931b57772b927b3:multiplying-fractions/e/multiplying_fractions_0.5
Multiplying mixed numbers,,Watch,https://www.khanacademy.org/math/grade-6-math-tx/x3931b57772b927b3:multiply-fractions-decimals/x3931b57772b927b3:multiplying-mixed-numbers/v/multiplying-mixed-numbers
Multiply mixed numbers,,Do,https://www.khanacademy.org/math/grade-6-math-tx/x3931b57772b927b3:multiply-fractions-decimals/x3931b57772b927b3:multiplying-mixed-numbers/e/multiplying_mixed_numbers_1
Finding area with fractional sides 1,,Watch,https://www.khanacademy.org/math/grade-6-math-tx/x3931b57772b927b3:multiply-fractions-decimals/x3931b57772b927b3:area-of-rectangles-with-fraction-side-lengths/v/example-finding-area-with-fractional-sides
Finding area with fractional sides 2,,Watch,https://www.khanacademy.org/math/grade-6-math-tx/x3931b57772b927b3:multiply-fractions-decimals/x3931b57772b927b3:area-of-rectangles-with-fraction-side-lengths/v/intuition-for-area-with-fractional-side-lengths
Area of rectangles with fraction side lengths,,Do,https://www.khanacademy.org/math/grade-6-math-tx/x3931b57772b927b3:multiply-fractions-decimals/x3931b57772b927b3:area-of-rectangles-with-fraction-side-lengths/e/area-of-rectangles-with-fractional-side-lengths
Multiplying fractions word problem: muffins,,Watch,https://www.khanacademy.org/math/grade-6-math-tx/x3931b57772b927b3:multiply-fractions-decimals/x3931b57772b927b3:multiplying-fractions-word-problems/v/multiplying-fractions-word-problem
Multiplying fractions word problem: laundry,,Watch,https://www.khanacademy.org/math/grade-6-math-tx/x3931b57772b927b3:multiply-fractions-decimals/x3931b57772b927b3:multiplying-fractions-word-problems/v/multiplying-fractions-word-problem-4
Multiplying fractions word problem: bike,,Watch,https://www.khanacademy.org/math/grade-6-math-tx/x3931b57772b927b3:multiply-fractions-decimals/x3931b57772b927b3:multiplying-fractions-word-problems/v/multiplying-fractions-word-problem-5
Multiply fractions word problems,,Do,https://www.khanacademy.org/math/grade-6-math-tx/x3931b57772b927b3:multiply-fractions-decimals/x3931b57772b927b3:multiplying-fractions-word-problems/e/multiplying-fractions-by-fractions-word-problems
Multiply fractions: FAQ,,Read,https://www.khanacademy.org/math/grade-6-math-tx/x3931b57772b927b3:multiply-fractions-decimals/x3931b57772b927b3:multiplying-fractions-word-problems/a/multiply-fractions-faq-2
"Unit 4, Quiz 2",,Do,https://www.khanacademy.org/math/grade-6-math-tx/x3931b57772b927b3:multiply-fractions-decimals/x3931b57772b927b3:multiplying-fractions-word-problems/quiz/x3931b57772b927b3:multiply-fractions-decimals-quiz-2
Unit 4 test,,Do,https://www.khanacademy.org/math/grade-6-math-tx/x3931b57772b927b3:multiply-fractions-decimals/x3931b57772b927b3:multiplying-fractions-word-problems/test/x3931b57772b927b3:multiply-fractions-decimals-unit-test
Understanding fractions as division,,Watch,https://www.khanacademy.org/math/grade-6-math-tx/x3931b57772b927b3:divide-positive-fractions-decimals/x3931b57772b927b3:fractions-as-division/v/fractions-as-division
Creating a fraction through division,,Watch,https://www.khanacademy.org/math/grade-6-math-tx/x3931b57772b927b3:divide-positive-fractions-decimals/x3931b57772b927b3:fractions-as-division/v/creating-a-fraction-through-division-of-whole-numbers
Fractions as division,,Do,https://www.khanacademy.org/math/grade-6-math-tx/x3931b57772b927b3:divide-positive-fractions-decimals/x3931b57772b927b3:fractions-as-division/e/understanding-fractions-as-division
Creating mixed numbers with fraction division,,Watch,https://www.khanacademy.org/math/grade-6-math-tx/x3931b57772b927b3:divide-positive-fractions-decimals/x3931b57772b927b3:fractions-as-division/v/fractions-division-mixed-numbers
Fractions as division word problems,,Do,https://www.khanacademy.org/math/grade-6-math-tx/x3931b57772b927b3:divide-positive-fractions-decimals/x3931b57772b927b3:fractions-as-division/e/understanding-fractions-as-division--word-problems
Relating fractions and division,,Watch,https://www.khanacademy.org/math/grade-6-math-tx/x3931b57772b927b3:divide-positive-fractions-decimals/x3931b57772b927b3:fractions-as-division/v/relating-fractions-and-division
Relate fractions and division,,Do,https://www.khanacademy.org/math/grade-6-math-tx/x3931b57772b927b3:divide-positive-fractions-decimals/x3931b57772b927b3:fractions-as-division/e/relate-fractions-division
"Unit 5, Quiz 1",,Do,https://www.khanacademy.org/math/grade-6-math-tx/x3931b57772b927b3:divide-positive-fractions-decimals/x3931b57772b927b3:fractions-as-division/quiz/x3931b57772b927b3:divide-positive-fractions-decimals-quiz-1
Understanding division of fractions,,Watch,https://www.khanacademy.org/math/grade-6-math-tx/x3931b57772b927b3:divide-positive-fractions-decimals/x3931b57772b927b3:dividing-fractions-by-fractions/v/conceptual-understanding-of-dividing-fractions-by-fractions
Understand division of fractions,,Do,https://www.khanacademy.org/math/grade-6-math-tx/x3931b57772b927b3:divide-positive-fractions-decimals/x3931b57772b927b3:dividing-fractions-by-fractions/e/understand-division-fractions
Dividing fractions: 2/5 ÷ 7/3,,Watch,https://www.khanacademy.org/math/grade-6-math-tx/x3931b57772b927b3:divide-positive-fractions-decimals/x3931b57772b927b3:dividing-fractions-by-fractions/v/another-dividing-fractions-example
Dividing fractions: 3/5 ÷ 1/2,,Watch,https://www.khanacademy.org/math/grade-6-math-tx/x3931b57772b927b3:divide-positive-fractions-decimals/x3931b57772b927b3:dividing-fractions-by-fractions/v/dividing-fractions-example
Dividing fractions,,Do,https://www.khanacademy.org/math/grade-6-math-tx/x3931b57772b927b3:divide-positive-fractions-decimals/x3931b57772b927b3:dividing-fractions-by-fractions/e/dividing_fractions_1.5
Dividing mixed numbers,,Watch,https://www.khanacademy.org/math/grade-6-math-tx/x3931b57772b927b3:divide-positive-fractions-decimals/x3931b57772b927b3:dividing-fractions-by-fractions/v/dividing-mixed-numbers-example
Divide mixed numbers,,Do,https://www.khanacademy.org/math/grade-6-math-tx/x3931b57772b927b3:divide-positive-fractions-decimals/x3931b57772b927b3:dividing-fractions-by-fractions/e/divide-mixed-numbers
Writing fraction division story problems,,Watch,https://www.khanacademy.org/math/grade-6-math-tx/x3931b57772b927b3:divide-positive-fractions-decimals/x3931b57772b927b3:dividing-fractions-by-fractions/v/writing-fraction-division-story-problems
Interpret fraction division,,Do,https://www.khanacademy.org/math/grade-6-math-tx/x3931b57772b927b3:divide-positive-fractions-decimals/x3931b57772b927b3:dividing-fractions-by-fractions/e/interpret-fraction-division
Dividing whole numbers & fractions: t-shirts,,Watch,https://www.khanacademy.org/math/grade-6-math-tx/x3931b57772b927b3:divide-positive-fractions-decimals/x3931b57772b927b3:dividing-fractions-by-fractions/v/dividing-fractions-word-problem
Area with fraction division example,,Watch,https://www.khanacademy.org/math/grade-6-math-tx/x3931b57772b927b3:divide-positive-fractions-decimals/x3931b57772b927b3:dividing-fractions-by-fractions/v/area-with-fraction-division-example
Dividing fractions word problems,,Do,https://www.khanacademy.org/math/grade-6-math-tx/x3931b57772b927b3:divide-positive-fractions-decimals/x3931b57772b927b3:dividing-fractions-by-fractions/e/dividing-fractions-by-fractions-word-problems
Dividing fractions review,,Read,https://www.khanacademy.org/math/grade-6-math-tx/x3931b57772b927b3:divide-positive-fractions-decimals/x3931b57772b927b3:dividing-fractions-by-fractions/a/dividing-fractions-review
"Unit 5, Quiz 2",,Do,https://www.khanacademy.org/math/grade-6-math-tx/x3931b57772b927b3:divide-positive-fractions-decimals/x3931b57772b927b3:dividing-fractions-by-fractions/quiz/x3931b57772b927b3:divide-positive-fractions-decimals-quiz-2
Visually dividing a whole number by a decimal,,Watch,https://www.khanacademy.org/math/grade-6-math-tx/x3931b57772b927b3:divide-positive-fractions-decimals/x3931b57772b927b3:divide-whole-numbers-by-decimals/v/visually-dividing-a-whole-number-by-a-decimal
Dividing a whole number by a decimal on a number line,,Watch,https://www.khanacademy.org/math/grade-6-math-tx/x3931b57772b927b3:divide-positive-fractions-decimals/x3931b57772b927b3:divide-whole-numbers-by-decimals/v/dividing-a-whole-number-by-a-decimal-on-a-number-line
Division strategies for decimal quotients,,Watch,https://www.khanacademy.org/math/grade-6-math-tx/x3931b57772b927b3:divide-positive-fractions-decimals/x3931b57772b927b3:divide-whole-numbers-by-decimals/v/division-strategies-for-decimal-quotients
Divide whole numbers by decimals visually,,Do,https://www.khanacademy.org/math/grade-6-math-tx/x3931b57772b927b3:divide-positive-fractions-decimals/x3931b57772b927b3:divide-whole-numbers-by-decimals/e/divide-whole-numbers-by-decimals-visually
Pattern when dividing by tenths and hundredths,,Watch,https://www.khanacademy.org/math/grade-6-math-tx/x3931b57772b927b3:divide-positive-fractions-decimals/x3931b57772b927b3:divide-whole-numbers-by-decimals/v/pattern-when-dividing-by-tenths-and-hundredths
Divide whole numbers by 0.1 or 0.01,,Do,https://www.khanacademy.org/math/grade-6-math-tx/x3931b57772b927b3:divide-positive-fractions-decimals/x3931b57772b927b3:divide-whole-numbers-by-decimals/e/dividing-decimals-without-the-standard-algorithm-7
Dividing whole numbers by decimals examples,,Watch,https://www.khanacademy.org/math/grade-6-math-tx/x3931b57772b927b3:divide-positive-fractions-decimals/x3931b57772b927b3:divide-whole-numbers-by-decimals/v/dividing-whole-numbers-by-decimals-examples
Dividing whole numbers by decimals (tenths),,Watch,https://www.khanacademy.org/math/grade-6-math-tx/x3931b57772b927b3:divide-positive-fractions-decimals/x3931b57772b927b3:divide-whole-numbers-by-decimals/v/dividing-whole-numbers-by-decimals-tenths
Dividing whole numbers by decimals (hundredths) -pencils,,Watch,https://www.khanacademy.org/math/grade-6-math-tx/x3931b57772b927b3:divide-positive-fractions-decimals/x3931b57772b927b3:divide-whole-numbers-by-decimals/v/dividing-whole-numbers-by-decimals-hundredths-pencils
Dividing whole numbers by decimals (hundredths) - ice cream,,Watch,https://www.khanacademy.org/math/grade-6-math-tx/x3931b57772b927b3:divide-positive-fractions-decimals/x3931b57772b927b3:divide-whole-numbers-by-decimals/v/dividing-whole-numbers-by-decimals-hundredths-ice-cream
Divide whole numbers by decimals,,Do,https://www.khanacademy.org/math/grade-6-math-tx/x3931b57772b927b3:divide-positive-fractions-decimals/x3931b57772b927b3:divide-whole-numbers-by-decimals/e/dividing-decimals-without-the-standard-algorithm-6
Divide whole numbers by decimals word problems,,Do,https://www.khanacademy.org/math/grade-6-math-tx/x3931b57772b927b3:divide-positive-fractions-decimals/x3931b57772b927b3:divide-whole-numbers-by-decimals/e/divide-whole-numbers-decimals-word-problems
Divide decimals: FAQ,,Read,https://www.khanacademy.org/math/grade-6-math-tx/x3931b57772b927b3:divide-positive-fractions-decimals/x3931b57772b927b3:divide-whole-numbers-by-decimals/a/divide-decimals-faq
"Unit 5, Quiz 3",,Do,https://www.khanacademy.org/math/grade-6-math-tx/x3931b57772b927b3:divide-positive-fractions-decimals/x3931b57772b927b3:divide-whole-numbers-by-decimals/quiz/x3931b57772b927b3:divide-positive-fractions-decimals-quiz-3
Dividing decimals with hundredths,,Watch,https://www.khanacademy.org/math/grade-6-math-tx/x3931b57772b927b3:divide-positive-fractions-decimals/x3931b57772b927b3:dividing-decimals/v/dividing-decimals-with-hundredths
Dividing decimals completely,,Watch,https://www.khanacademy.org/math/grade-6-math-tx/x3931b57772b927b3:divide-positive-fractions-decimals/x3931b57772b927b3:dividing-decimals/v/dividing-decimals-completely
Long division with decimals,,Watch,https://www.khanacademy.org/math/grade-6-math-tx/x3931b57772b927b3:divide-positive-fractions-decimals/x3931b57772b927b3:dividing-decimals/v/long-division-with-decimals
Dividing decimals: hundredths,,Do,https://www.khanacademy.org/math/grade-6-math-tx/x3931b57772b927b3:divide-positive-fractions-decimals/x3931b57772b927b3:dividing-decimals/e/dividing_decimals_3
Dividing by a multi-digit decimal,,Watch,https://www.khanacademy.org/math/grade-6-math-tx/x3931b57772b927b3:divide-positive-fractions-decimals/x3931b57772b927b3:dividing-decimals/v/dividing-decimals
Dividing decimals: thousandths,,Do,https://www.khanacademy.org/math/grade-6-math-tx/x3931b57772b927b3:divide-positive-fractions-decimals/x3931b57772b927b3:dividing-decimals/e/dividing_decimals
"Unit 5, Quiz 4",,Do,https://www.khanacademy.org/math/grade-6-math-tx/x3931b57772b927b3:divide-positive-fractions-decimals/x3931b57772b927b3:dividing-decimals/quiz/x3931b57772b927b3:divide-positive-fractions-decimals-quiz-4
Unit 5 test,,Do,https://www.khanacademy.org/math/grade-6-math-tx/x3931b57772b927b3:divide-positive-fractions-decimals/x3931b57772b927b3:dividing-decimals/test/x3931b57772b927b3:divide-positive-fractions-decimals-unit-test
Zero pairs worked example,,Watch,https://www.khanacademy.org/math/grade-6-math-tx/x3931b57772b927b3:adding-subtracting-integers/x3931b57772b927b3:intro-adding-negative-numbers/v/zero-pairs-worked-example
Zero pairs,,Do,https://www.khanacademy.org/math/grade-6-math-tx/x3931b57772b927b3:adding-subtracting-integers/x3931b57772b927b3:intro-adding-negative-numbers/e/zero-pairs
Adding with integer chips,,Watch,https://www.khanacademy.org/math/grade-6-math-tx/x3931b57772b927b3:adding-subtracting-integers/x3931b57772b927b3:intro-adding-negative-numbers/v/adding-with-integer-chips
Add with integer chips,,Do,https://www.khanacademy.org/math/grade-6-math-tx/x3931b57772b927b3:adding-subtracting-integers/x3931b57772b927b3:intro-adding-negative-numbers/e/add-with-integer-chips
Adding integers on the number line,,Watch,https://www.khanacademy.org/math/grade-6-math-tx/x3931b57772b927b3:adding-subtracting-integers/x3931b57772b927b3:intro-adding-negative-numbers/v/adding-integers-numbers-on-the-number-line-6th-grade-khan-academy
Adding integers on the number line,,Do,https://www.khanacademy.org/math/grade-6-math-tx/x3931b57772b927b3:adding-subtracting-integers/x3931b57772b927b3:intro-adding-negative-numbers/e/adding-integers-on-the-number-line
Negative numbers: addition and subtraction FAQ,,Read,https://www.khanacademy.org/math/grade-6-math-tx/x3931b57772b927b3:adding-subtracting-integers/x3931b57772b927b3:intro-adding-negative-numbers/a/negative-numbers-addition-and-subtraction-faq
Signs of sums on a number line,,Watch,https://www.khanacademy.org/math/grade-6-math-tx/x3931b57772b927b3:adding-subtracting-integers/x3931b57772b927b3:adding-negative-numbers-fluently/v/signs-of-sums-on-a-number-line
Signs of sums,,Do,https://www.khanacademy.org/math/grade-6-math-tx/x3931b57772b927b3:adding-subtracting-integers/x3931b57772b927b3:adding-negative-numbers-fluently/e/signs-of-sums
Adding negative numbers,,Do,https://www.khanacademy.org/math/grade-6-math-tx/x3931b57772b927b3:adding-subtracting-integers/x3931b57772b927b3:adding-negative-numbers-fluently/e/adding_negative_numbers
Adding negative numbers review,,Read,https://www.khanacademy.org/math/grade-6-math-tx/x3931b57772b927b3:adding-subtracting-integers/x3931b57772b927b3:adding-negative-numbers-fluently/a/adding-negative-numbers-review
"Unit 6, Quiz 1",,Do,https://www.khanacademy.org/math/grade-6-math-tx/x3931b57772b927b3:adding-subtracting-integers/x3931b57772b927b3:adding-negative-numbers-fluently/quiz/x3931b57772b927b3:adding-subtracting-integers-quiz-1
Subtracting with integer chips,,Watch,https://www.khanacademy.org/math/grade-6-math-tx/x3931b57772b927b3:adding-subtracting-integers/x3931b57772b927b3:intro-to-subtracting-negative-numbers/v/subtracting-with-integer-chips
Subtract with integer chips,,Do,https://www.khanacademy.org/math/grade-6-math-tx/x3931b57772b927b3:adding-subtracting-integers/x3931b57772b927b3:intro-to-subtracting-negative-numbers/e/subtract-with-integer-chips
Number equations & number lines,,Watch,https://www.khanacademy.org/math/grade-6-math-tx/x3931b57772b927b3:adding-subtracting-integers/x3931b57772b927b3:intro-to-subtracting-negative-numbers/v/integer-equations-to-describe-diagram
Number equations & number lines,,Do,https://www.khanacademy.org/math/grade-6-math-tx/x3931b57772b927b3:adding-subtracting-integers/x3931b57772b927b3:intro-to-subtracting-negative-numbers/e/negative-number-addition-and-subtraction--equations-and-number-lines
Graphing negative number addition and subtraction expressions,,Watch,https://www.khanacademy.org/math/grade-6-math-tx/x3931b57772b927b3:adding-subtracting-integers/x3931b57772b927b3:intro-to-subtracting-negative-numbers/v/graphing-negative-number-addition-and-subtraction-expressions
Interpreting numeric expressions example,,Watch,https://www.khanacademy.org/math/grade-6-math-tx/x3931b57772b927b3:adding-subtracting-integers/x3931b57772b927b3:intro-to-subtracting-negative-numbers/v/interpreting-integer-expressions
Interpret negative number addition and subtraction expressions,,Do,https://www.khanacademy.org/math/grade-6-math-tx/x3931b57772b927b3:adding-subtracting-integers/x3931b57772b927b3:intro-to-subtracting-negative-numbers/e/understanding-addition-and-subtraction-on-the-number-line
Adding the opposite with integer chips,,Watch,https://www.khanacademy.org/math/grade-6-math-tx/x3931b57772b927b3:adding-subtracting-integers/x3931b57772b927b3:subtracting-negative-numbers-fluently/v/adding-the-opposite-with-integer-chips
Adding the opposite with number lines,,Watch,https://www.khanacademy.org/math/grade-6-math-tx/x3931b57772b927b3:adding-subtracting-integers/x3931b57772b927b3:subtracting-negative-numbers-fluently/v/adding-the-opposite-with-number-lines
Subtracting a negative = adding a positive,,Watch,https://www.khanacademy.org/math/grade-6-math-tx/x3931b57772b927b3:adding-subtracting-integers/x3931b57772b927b3:subtracting-negative-numbers-fluently/v/why-subtracting-a-negative-equivalent-to-adding-a-positive
Understand subtraction as adding the opposite,,Do,https://www.khanacademy.org/math/grade-6-math-tx/x3931b57772b927b3:adding-subtracting-integers/x3931b57772b927b3:subtracting-negative-numbers-fluently/e/understand-subtraction-as-adding-the-opposite
Subtracting negative numbers,,Do,https://www.khanacademy.org/math/grade-6-math-tx/x3931b57772b927b3:adding-subtracting-integers/x3931b57772b927b3:subtracting-negative-numbers-fluently/e/adding_and_subtracting_negative_numbers
Subtracting negative numbers review,,Read,https://www.khanacademy.org/math/grade-6-math-tx/x3931b57772b927b3:adding-subtracting-integers/x3931b57772b927b3:subtracting-negative-numbers-fluently/a/subtracting-negative-numbers-review
"Unit 6, Quiz 2",,Do,https://www.khanacademy.org/math/grade-6-math-tx/x3931b57772b927b3:adding-subtracting-integers/x3931b57772b927b3:subtracting-negative-numbers-fluently/quiz/x3931b57772b927b3:adding-subtracting-integers-quiz-2
Adding & subtracting negative numbers,,Do,https://www.khanacademy.org/math/grade-6-math-tx/x3931b57772b927b3:adding-subtracting-integers/x3931b57772b927b3:adding-and-subtracting-integers/e/integer-addition-and-subtraction-2
Adding integers: find the missing value,,Watch,https://www.khanacademy.org/math/grade-6-math-tx/x3931b57772b927b3:adding-subtracting-integers/x3931b57772b927b3:adding-and-subtracting-integers/v/adding-integers-find-the-missing-value
Subtracting integers: find the missing value,,Watch,https://www.khanacademy.org/math/grade-6-math-tx/x3931b57772b927b3:adding-subtracting-integers/x3931b57772b927b3:adding-and-subtracting-integers/v/subtracting-integers-find-the-missing-value
Addition & subtraction: find the missing value,,Do,https://www.khanacademy.org/math/grade-6-math-tx/x3931b57772b927b3:adding-subtracting-integers/x3931b57772b927b3:adding-and-subtracting-integers/e/integer-addition-and-subtraction
Interpreting negative number statements,,Watch,https://www.khanacademy.org/math/grade-6-math-tx/x3931b57772b927b3:adding-subtracting-integers/x3931b57772b927b3:adding-and-subtracting-integers-word-problems/v/interpreting-negative-number-statements
Interpreting negative number statements,,Do,https://www.khanacademy.org/math/grade-6-math-tx/x3931b57772b927b3:adding-subtracting-integers/x3931b57772b927b3:adding-and-subtracting-integers-word-problems/e/negative-number-addition-and-subtraction--interpretation-problems
Negative number word problem: temperatures,,Watch,https://www.khanacademy.org/math/grade-6-math-tx/x3931b57772b927b3:adding-subtracting-integers/x3931b57772b927b3:adding-and-subtracting-integers-word-problems/v/negative-number-word-problems-1
Negative number word problem: Alaska,,Watch,https://www.khanacademy.org/math/grade-6-math-tx/x3931b57772b927b3:adding-subtracting-integers/x3931b57772b927b3:adding-and-subtracting-integers-word-problems/v/finding-initial-temperature-from-temperature-changes
Negative number addition and subtraction: word problems,,Do,https://www.khanacademy.org/math/grade-6-math-tx/x3931b57772b927b3:adding-subtracting-integers/x3931b57772b927b3:adding-and-subtracting-integers-word-problems/e/adding-negative-numbers-word-problems
"Unit 6, Quiz 3",,Do,https://www.khanacademy.org/math/grade-6-math-tx/x3931b57772b927b3:adding-subtracting-integers/x3931b57772b927b3:adding-and-subtracting-integers-word-problems/quiz/x3931b57772b927b3:adding-subtracting-integers-quiz-3
Unit 6 test,,Do,https://www.khanacademy.org/math/grade-6-math-tx/x3931b57772b927b3:adding-subtracting-integers/x3931b57772b927b3:adding-and-subtracting-integers-word-problems/test/x3931b57772b927b3:adding-subtracting-integers-unit-test
Multiplying a positive and a negative number,,Read,https://www.khanacademy.org/math/grade-6-math-tx/x3931b57772b927b3:multiplying-dividing-integers/x3931b57772b927b3:multiply-with-negatives/a/multiplying-negative-numbers
Multiplying two negative numbers,,Read,https://www.khanacademy.org/math/grade-6-math-tx/x3931b57772b927b3:multiplying-dividing-integers/x3931b57772b927b3:multiply-with-negatives/a/multiplying-two-negative-numbers
Why a negative times a negative is a positive,,Watch,https://www.khanacademy.org/math/grade-6-math-tx/x3931b57772b927b3:multiplying-dividing-integers/x3931b57772b927b3:multiply-with-negatives/v/why-a-negative-times-a-negative-is-a-positive
Why a negative times a negative makes sense,,Watch,https://www.khanacademy.org/math/grade-6-math-tx/x3931b57772b927b3:multiplying-dividing-integers/x3931b57772b927b3:multiply-with-negatives/v/why-a-negative-times-a-negative-makes-intuitive-sense
Multiplying negative numbers,,Do,https://www.khanacademy.org/math/grade-6-math-tx/x3931b57772b927b3:multiplying-dividing-integers/x3931b57772b927b3:multiply-with-negatives/e/multiplying_and_dividing_negative_numbers
Dividing positive and negative numbers,,Watch,https://www.khanacademy.org/math/grade-6-math-tx/x3931b57772b927b3:multiplying-dividing-integers/x3931b57772b927b3:dividing-negative-numbers/v/dividing-positive-and-negative-numbers
Dividing negative numbers,,Do,https://www.khanacademy.org/math/grade-6-math-tx/x3931b57772b927b3:multiplying-dividing-integers/x3931b57772b927b3:dividing-negative-numbers/e/dividing-negative-numbers
Dividing negative numbers review,,Read,https://www.khanacademy.org/math/grade-6-math-tx/x3931b57772b927b3:multiplying-dividing-integers/x3931b57772b927b3:dividing-negative-numbers/a/dividing-negative-numbers-review
Multiplying positive & negative numbers,,Watch,https://www.khanacademy.org/math/grade-6-math-tx/x3931b57772b927b3:multiplying-dividing-integers/x3931b57772b927b3:multiply-divide-negative-numbers/v/multiplying-positive-and-negative-numbers
Signs of expressions,,Do,https://www.khanacademy.org/math/grade-6-math-tx/x3931b57772b927b3:multiplying-dividing-integers/x3931b57772b927b3:multiply-divide-negative-numbers/e/signs-of-expressions
One-step equations with negative integers (multiply & divide),,Do,https://www.khanacademy.org/math/grade-6-math-tx/x3931b57772b927b3:multiplying-dividing-integers/x3931b57772b927b3:multiply-divide-negative-numbers/e/one-step-equations-negative-integers-multiply-divide
Multiplying negative numbers review,,Read,https://www.khanacademy.org/math/grade-6-math-tx/x3931b57772b927b3:multiplying-dividing-integers/x3931b57772b927b3:multiply-divide-negative-numbers/a/multiplying-negative-numbers-review
Multiplying integers word problem,,Watch,https://www.khanacademy.org/math/grade-6-math-tx/x3931b57772b927b3:multiplying-dividing-integers/x3931b57772b927b3:multiplying-dividing-negative-numbers-word-problems/v/multiplying-integers-word-problem
Multiplying integers word problems (temperature),,Watch,https://www.khanacademy.org/math/grade-6-math-tx/x3931b57772b927b3:multiplying-dividing-integers/x3931b57772b927b3:multiplying-dividing-negative-numbers-word-problems/v/multiplying-integers-word-problems-temperature
Dividing integers word problems,,Watch,https://www.khanacademy.org/math/grade-6-math-tx/x3931b57772b927b3:multiplying-dividing-integers/x3931b57772b927b3:multiplying-dividing-negative-numbers-word-problems/v/dividing-integers-word-problems
Multiplying and dividing integers word problems,,Do,https://www.khanacademy.org/math/grade-6-math-tx/x3931b57772b927b3:multiplying-dividing-integers/x3931b57772b927b3:multiplying-dividing-negative-numbers-word-problems/e/multiplying-dividing-integers-word-problems
Unit 7 test,,Do,https://www.khanacademy.org/math/grade-6-math-tx/x3931b57772b927b3:multiplying-dividing-integers/x3931b57772b927b3:multiplying-dividing-negative-numbers-word-problems/test/x3931b57772b927b3:multiplying-dividing-integers-unit-test
Intro to exponents,,Watch,https://www.khanacademy.org/math/grade-6-math-tx/x3931b57772b927b3:order-operations-exponents/x3931b57772b927b3:exponents/v/introduction-to-exponents
Squaring numbers,,Read,https://www.khanacademy.org/math/grade-6-math-tx/x3931b57772b927b3:order-operations-exponents/x3931b57772b927b3:exponents/a/squaring-numbers
Intro to exponents,,Read,https://www.khanacademy.org/math/grade-6-math-tx/x3931b57772b927b3:order-operations-exponents/x3931b57772b927b3:exponents/a/introduction-to-exponents
Meaning of exponents,,Do,https://www.khanacademy.org/math/grade-6-math-tx/x3931b57772b927b3:order-operations-exponents/x3931b57772b927b3:exponents/e/positive_and_zero_exponents
Exponents review,,Read,https://www.khanacademy.org/math/grade-6-math-tx/x3931b57772b927b3:order-operations-exponents/x3931b57772b927b3:exponents/a/exponents-review
The zeroth power,,Watch,https://www.khanacademy.org/math/grade-6-math-tx/x3931b57772b927b3:order-operations-exponents/x3931b57772b927b3:exponents/v/the-zeroth-power
Powers of whole numbers,,Do,https://www.khanacademy.org/math/grade-6-math-tx/x3931b57772b927b3:order-operations-exponents/x3931b57772b927b3:exponents/e/exponents
Intro to order of operations,,Watch,https://www.khanacademy.org/math/grade-6-math-tx/x3931b57772b927b3:order-operations-exponents/x3931b57772b927b3:order-of-operations/v/introduction-to-order-of-operations
Order of operations example,,Watch,https://www.khanacademy.org/math/grade-6-math-tx/x3931b57772b927b3:order-operations-exponents/x3931b57772b927b3:order-of-operations/v/order-of-operations-1
Order of operations with negative numbers,,Do,https://www.khanacademy.org/math/grade-6-math-tx/x3931b57772b927b3:order-operations-exponents/x3931b57772b927b3:order-of-operations/e/order_of_operations
Problem solving with integers,,Watch,https://www.khanacademy.org/math/grade-6-math-tx/x3931b57772b927b3:order-operations-exponents/x3931b57772b927b3:order-of-operations/v/problem-solving-with-integers
Rates of change with integers,,Watch,https://www.khanacademy.org/math/grade-6-math-tx/x3931b57772b927b3:order-operations-exponents/x3931b57772b927b3:order-of-operations/v/rates-of-change-with-integers
Problem solving with integers,,Do,https://www.khanacademy.org/math/grade-6-math-tx/x3931b57772b927b3:order-operations-exponents/x3931b57772b927b3:order-of-operations/e/problem-solving-integers
Unit 8 test,,Do,https://www.khanacademy.org/math/grade-6-math-tx/x3931b57772b927b3:order-operations-exponents/x3931b57772b927b3:order-of-operations/test/x3931b57772b927b3:order-operations-exponents-unit-test
Greatest common factor examples,,Watch,https://www.khanacademy.org/math/grade-6-math-tx/x3931b57772b927b3:equivalent-expressions/x3931b57772b927b3:greatest-common-factor/v/greatest-common-divisor-factor-exercise
Greatest common factor explained,,Watch,https://www.khanacademy.org/math/grade-6-math-tx/x3931b57772b927b3:equivalent-expressions/x3931b57772b927b3:greatest-common-factor/v/greatest-common-divisor
Greatest common factor,,Do,https://www.khanacademy.org/math/grade-6-math-tx/x3931b57772b927b3:equivalent-expressions/x3931b57772b927b3:greatest-common-factor/e/greatest_common_divisor
Factor with the distributive property,,Watch,https://www.khanacademy.org/math/grade-6-math-tx/x3931b57772b927b3:equivalent-expressions/x3931b57772b927b3:greatest-common-factor/v/distributive-property-exercise-2
Factor with the distributive property (no variables),,Do,https://www.khanacademy.org/math/grade-6-math-tx/x3931b57772b927b3:equivalent-expressions/x3931b57772b927b3:greatest-common-factor/e/distributive_property
Greatest common factor review,,Read,https://www.khanacademy.org/math/grade-6-math-tx/x3931b57772b927b3:equivalent-expressions/x3931b57772b927b3:greatest-common-factor/a/greatest-common-factor-review
Prime factorization,,Watch,https://www.khanacademy.org/math/grade-6-math-tx/x3931b57772b927b3:equivalent-expressions/x3931b57772b927b3:prime-factorization/v/prime-factorization
Prime factorization exercise,,Watch,https://www.khanacademy.org/math/grade-6-math-tx/x3931b57772b927b3:equivalent-expressions/x3931b57772b927b3:prime-factorization/v/prime-factorization-exercise
Prime factorization,,Do,https://www.khanacademy.org/math/grade-6-math-tx/x3931b57772b927b3:equivalent-expressions/x3931b57772b927b3:prime-factorization/e/prime_factorization
"Unit 9, Quiz 1",,Do,https://www.khanacademy.org/math/grade-6-math-tx/x3931b57772b927b3:equivalent-expressions/x3931b57772b927b3:prime-factorization/quiz/x3931b57772b927b3:equivalent-expressions-quiz-1
Distributive property over addition,,Watch,https://www.khanacademy.org/math/grade-6-math-tx/x3931b57772b927b3:equivalent-expressions/x3931b57772b927b3:distributive-property/v/the-distributive-property
Distributive property over subtraction,,Watch,https://www.khanacademy.org/math/grade-6-math-tx/x3931b57772b927b3:equivalent-expressions/x3931b57772b927b3:distributive-property/v/the-distributive-property-2
Distributive property with variables,,Watch,https://www.khanacademy.org/math/grade-6-math-tx/x3931b57772b927b3:equivalent-expressions/x3931b57772b927b3:distributive-property/v/distributive-property-with-variables-exercise
Distributive property with variables,,Do,https://www.khanacademy.org/math/grade-6-math-tx/x3931b57772b927b3:equivalent-expressions/x3931b57772b927b3:distributive-property/e/distributive-property-with-variables
Create equivalent expressions by factoring,,Do,https://www.khanacademy.org/math/grade-6-math-tx/x3931b57772b927b3:equivalent-expressions/x3931b57772b927b3:distributive-property/e/create-equivalent-expressions-by-factoring
Factor with distributive property (variables),,Do,https://www.khanacademy.org/math/grade-6-math-tx/x3931b57772b927b3:equivalent-expressions/x3931b57772b927b3:distributive-property/e/factor-with-distributive-property--variables-
"Unit 9, Quiz 2",,Do,https://www.khanacademy.org/math/grade-6-math-tx/x3931b57772b927b3:equivalent-expressions/x3931b57772b927b3:distributive-property/quiz/x3931b57772b927b3:equivalent-expressions-quiz-2
Associative and commutative properties of addition with negatives,,Watch,https://www.khanacademy.org/math/grade-6-math-tx/x3931b57772b927b3:equivalent-expressions/x3931b57772b927b3:properties-of-addition-and-subtraction/v/associative-commutative-with-negatives
Commutative and associative properties of addition with integers,,Do,https://www.khanacademy.org/math/grade-6-math-tx/x3931b57772b927b3:equivalent-expressions/x3931b57772b927b3:properties-of-addition-and-subtraction/e/commutative-and-associative-properties-of-addition-with-integers
Equivalent expressions with negative numbers,,Watch,https://www.khanacademy.org/math/grade-6-math-tx/x3931b57772b927b3:equivalent-expressions/x3931b57772b927b3:properties-of-addition-and-subtraction/v/equivalent-expressions-with-negative-rationals
Equivalent expressions with negative numbers,,Do,https://www.khanacademy.org/math/grade-6-math-tx/x3931b57772b927b3:equivalent-expressions/x3931b57772b927b3:properties-of-addition-and-subtraction/e/negative-number-addition-and-subtraction-equivalent-expressions
Equivalent expressions with negative numbers and variables,,Do,https://www.khanacademy.org/math/grade-6-math-tx/x3931b57772b927b3:equivalent-expressions/x3931b57772b927b3:properties-of-addition-and-subtraction/e/equivalent-expressions-with-negative-numbers-and-varables
Model expressions,,Do,https://www.khanacademy.org/math/grade-6-math-tx/x3931b57772b927b3:equivalent-expressions/x3931b57772b927b3:equivalent-expressions-1/e/model-expressions
"Unit 9, Quiz 3",,Do,https://www.khanacademy.org/math/grade-6-math-tx/x3931b57772b927b3:equivalent-expressions/x3931b57772b927b3:equivalent-expressions-1/quiz/x3931b57772b927b3:equivalent-expressions-quiz-3
Unit 9 test,,Do,https://www.khanacademy.org/math/grade-6-math-tx/x3931b57772b927b3:equivalent-expressions/x3931b57772b927b3:equivalent-expressions-1/test/x3931b57772b927b3:equivalent-expressions-unit-test
"Variables, expressions, & equations",,Watch,https://www.khanacademy.org/math/grade-6-math-tx/x3931b57772b927b3:one-variable-equations/x3931b57772b927b3:variables-expressions-equations/v/variables-expressions-and-equations
Identify expressions and equations,,Do,https://www.khanacademy.org/math/grade-6-math-tx/x3931b57772b927b3:one-variable-equations/x3931b57772b927b3:variables-expressions-equations/e/identify-expressions-equations
Writing basic expressions word problems,,Watch,https://www.khanacademy.org/math/grade-6-math-tx/x3931b57772b927b3:one-variable-equations/x3931b57772b927b3:writing-algebraic-expressions-introduction/v/writing-basic-expressions-from-word-problems-examples
Writing basic expressions word problems,,Watch,https://www.khanacademy.org/math/grade-6-math-tx/x3931b57772b927b3:one-variable-equations/x3931b57772b927b3:writing-algebraic-expressions-introduction/a/writing-algebraic-expressions-in-word-problems
Writing basic expressions word problems,,Do,https://www.khanacademy.org/math/grade-6-math-tx/x3931b57772b927b3:one-variable-equations/x3931b57772b927b3:writing-algebraic-expressions-introduction/e/writing-expressions-with-variables-word-problems
"Unit 10, Quiz 1",,Do,https://www.khanacademy.org/math/grade-6-math-tx/x3931b57772b927b3:one-variable-equations/x3931b57772b927b3:writing-algebraic-expressions-introduction/quiz/x3931b57772b927b3:one-variable-equations-quiz-1
One-step addition & subtraction equations,,Watch,https://www.khanacademy.org/math/grade-6-math-tx/x3931b57772b927b3:one-variable-equations/x3931b57772b927b3:one-step-add-subtract-equations/v/adding-and-subtracting-the-same-thing-from-both-sides
One-step addition & subtraction equations,,Read,https://www.khanacademy.org/math/grade-6-math-tx/x3931b57772b927b3:one-variable-equations/x3931b57772b927b3:one-step-add-subtract-equations/a/solving-one-step-addition-and-subtraction-equations
One-step addition & subtraction equations,,Do,https://www.khanacademy.org/math/grade-6-math-tx/x3931b57772b927b3:one-variable-equations/x3931b57772b927b3:one-step-add-subtract-equations/e/one_step_equations
One-step addition & subtraction equations: fractions & decimals,,Watch,https://www.khanacademy.org/math/grade-6-math-tx/x3931b57772b927b3:one-variable-equations/x3931b57772b927b3:one-step-add-subtract-equations/v/examples-of-one-step-equations-with-fractions-and-decimals
One-step addition & subtraction equations: fractions & decimals,,Do,https://www.khanacademy.org/math/grade-6-math-tx/x3931b57772b927b3:one-variable-equations/x3931b57772b927b3:one-step-add-subtract-equations/e/one-step-add-sub-equations-2
One-step division equations,,Watch,https://www.khanacademy.org/math/grade-6-math-tx/x3931b57772b927b3:one-variable-equations/x3931b57772b927b3:one-step-multiplication-division-equations/v/simple-equations
One-step multiplication equations,,Watch,https://www.khanacademy.org/math/grade-6-math-tx/x3931b57772b927b3:one-variable-equations/x3931b57772b927b3:one-step-multiplication-division-equations/v/solving-one-step-equations-2
One-step multiplication & division equations,,Read,https://www.khanacademy.org/math/grade-6-math-tx/x3931b57772b927b3:one-variable-equations/x3931b57772b927b3:one-step-multiplication-division-equations/a/solving-one-step-multiplication-and-division-equations
One-step multiplication & division equations,,Do,https://www.khanacademy.org/math/grade-6-math-tx/x3931b57772b927b3:one-variable-equations/x3931b57772b927b3:one-step-multiplication-division-equations/e/linear_equations_1
One-step multiplication & division equations: fractions & decimals,,Watch,https://www.khanacademy.org/math/grade-6-math-tx/x3931b57772b927b3:one-variable-equations/x3931b57772b927b3:one-step-multiplication-division-equations/v/one-step-multiplication-and-division-equations-with-fractions
One-step multiplication equations: fractional coefficients,,Watch,https://www.khanacademy.org/math/grade-6-math-tx/x3931b57772b927b3:one-variable-equations/x3931b57772b927b3:one-step-multiplication-division-equations/v/one-step-multiplication-fractional-coefficients
One-step multiplication & division equations: fractions & decimals,,Do,https://www.khanacademy.org/math/grade-6-math-tx/x3931b57772b927b3:one-variable-equations/x3931b57772b927b3:one-step-multiplication-division-equations/e/one-step-mult-div-equations-2
"Unit 10, Quiz 2",,Do,https://www.khanacademy.org/math/grade-6-math-tx/x3931b57772b927b3:one-variable-equations/x3931b57772b927b3:one-step-multiplication-division-equations/quiz/x3931b57772b927b3:one-variable-equations-quiz-2
Modeling with one-step equations,,Watch,https://www.khanacademy.org/math/grade-6-math-tx/x3931b57772b927b3:one-variable-equations/x3931b57772b927b3:one-step-equation-word-problems/v/constructing-basic-equations-examples
Translate one-step equations and solve,,Do,https://www.khanacademy.org/math/grade-6-math-tx/x3931b57772b927b3:one-variable-equations/x3931b57772b927b3:one-step-equation-word-problems/e/translate-one-step-equations-and-solve--basic-
Model with one-step equations,,Do,https://www.khanacademy.org/math/grade-6-math-tx/x3931b57772b927b3:one-variable-equations/x3931b57772b927b3:one-step-equation-word-problems/e/equations-in-one-variable-1
Model with one-step equations and solve,,Do,https://www.khanacademy.org/math/grade-6-math-tx/x3931b57772b927b3:one-variable-equations/x3931b57772b927b3:one-step-equation-word-problems/e/model-with-one-step-equations-and-solve
Identify situations for one-step equations,,Do,https://www.khanacademy.org/math/grade-6-math-tx/x3931b57772b927b3:one-variable-equations/x3931b57772b927b3:one-step-equation-word-problems/e/identify-situations-one-step-equations
Graphing one-step equations on the number line,,Do,https://www.khanacademy.org/math/grade-6-math-tx/x3931b57772b927b3:one-variable-equations/x3931b57772b927b3:one-step-equation-word-problems/e/graphing-one-step-equations-number-line
"Unit 10, Quiz 3",,Do,https://www.khanacademy.org/math/grade-6-math-tx/x3931b57772b927b3:one-variable-equations/x3931b57772b927b3:one-step-equation-word-problems/quiz/x3931b57772b927b3:one-variable-equations-quiz-3
Unit 10 test,,Do,https://www.khanacademy.org/math/grade-6-math-tx/x3931b57772b927b3:one-variable-equations/x3931b57772b927b3:one-step-equation-word-problems/test/x3931b57772b927b3:one-variable-equations-unit-test
Testing solutions to inequalities,,Watch,https://www.khanacademy.org/math/grade-6-math-tx/x3931b57772b927b3:one-variable-inequalities/x3931b57772b927b3:intro-to-inequalities-with-variables/v/testing-solutions-to-inequalities
Testing solutions to inequalities (basic),,Do,https://www.khanacademy.org/math/grade-6-math-tx/x3931b57772b927b3:one-variable-inequalities/x3931b57772b927b3:intro-to-inequalities-with-variables/e/testing-solutions-to-inequalities--basic-
Plotting inequalities,,Watch,https://www.khanacademy.org/math/grade-6-math-tx/x3931b57772b927b3:one-variable-inequalities/x3931b57772b927b3:intro-to-inequalities-with-variables/v/plotting-inequalities-on-a-number-line
Graphing basic inequalities,,Do,https://www.khanacademy.org/math/grade-6-math-tx/x3931b57772b927b3:one-variable-inequalities/x3931b57772b927b3:intro-to-inequalities-with-variables/e/graphs-of-inequalities
Inequality from graph,,Do,https://www.khanacademy.org/math/grade-6-math-tx/x3931b57772b927b3:one-variable-inequalities/x3931b57772b927b3:intro-to-inequalities-with-variables/e/inequality-from-graph
Plotting inequalities,,Do,https://www.khanacademy.org/math/grade-6-math-tx/x3931b57772b927b3:one-variable-inequalities/x3931b57772b927b3:intro-to-inequalities-with-variables/e/inequalities_on_a_number_line
Inequalities word problems,,Watch,https://www.khanacademy.org/math/grade-6-math-tx/x3931b57772b927b3:one-variable-inequalities/x3931b57772b927b3:intro-to-inequalities-with-variables/v/real-world-situations-with-inequalities
Inequalities word problems,,Do,https://www.khanacademy.org/math/grade-6-math-tx/x3931b57772b927b3:one-variable-inequalities/x3931b57772b927b3:intro-to-inequalities-with-variables/e/inequalities-in-one-variable-1
Graphing inequalities review,,Read,https://www.khanacademy.org/math/grade-6-math-tx/x3931b57772b927b3:one-variable-inequalities/x3931b57772b927b3:intro-to-inequalities-with-variables/a/graphing-inequalities-review
"Unit 11, Quiz 1",,Do,https://www.khanacademy.org/math/grade-6-math-tx/x3931b57772b927b3:one-variable-inequalities/x3931b57772b927b3:intro-to-inequalities-with-variables/quiz/x3931b57772b927b3:one-variable-inequalities-quiz-1
One-step inequalities examples,,Watch,https://www.khanacademy.org/math/grade-6-math-tx/x3931b57772b927b3:one-variable-inequalities/x3931b57772b927b3:one-step-inequalities/v/inequalities-using-multiplication-and-division
One-step inequalities: -5c ≤ 15,,Watch,https://www.khanacademy.org/math/grade-6-math-tx/x3931b57772b927b3:one-variable-inequalities/x3931b57772b927b3:one-step-inequalities/v/one-step-inequalities-2
One-step inequalities,,Do,https://www.khanacademy.org/math/grade-6-math-tx/x3931b57772b927b3:one-variable-inequalities/x3931b57772b927b3:one-step-inequalities/e/one_step_inequalities
One-step inequality word problem,,Watch,https://www.khanacademy.org/math/grade-6-math-tx/x3931b57772b927b3:one-variable-inequalities/x3931b57772b927b3:one-step-inequalities/v/inequalities
One-step inequality word problems,,Do,https://www.khanacademy.org/math/grade-6-math-tx/x3931b57772b927b3:one-variable-inequalities/x3931b57772b927b3:one-step-inequalities/e/one-step-inequality-word-problems
Identify situations for one-step inequalities,,Do,https://www.khanacademy.org/math/grade-6-math-tx/x3931b57772b927b3:one-variable-inequalities/x3931b57772b927b3:one-step-inequalities/e/identify-situations-one-step-inequalities
One-step inequalities review,,Read,https://www.khanacademy.org/math/grade-6-math-tx/x3931b57772b927b3:one-variable-inequalities/x3931b57772b927b3:one-step-inequalities/a/one-step-inequalities-review
"Unit 11, Quiz 2",,Do,https://www.khanacademy.org/math/grade-6-math-tx/x3931b57772b927b3:one-variable-inequalities/x3931b57772b927b3:one-step-inequalities/quiz/x3931b57772b927b3:one-variable-inequalities-quiz-2
Unit 11 test,,Do,https://www.khanacademy.org/math/grade-6-math-tx/x3931b57772b927b3:one-variable-inequalities/x3931b57772b927b3:one-step-inequalities/test/x3931b57772b927b3:one-variable-inequalities-unit-test
Points on the coordinate plane examples,,Watch,https://www.khanacademy.org/math/grade-6-math-tx/x3931b57772b927b3:algebraic-representations-two-variable-relationships/x3931b57772b927b3:coordinate-planes/v/the-coordinate-plane
Plotting a point (ordered pair),,Watch,https://www.khanacademy.org/math/grade-6-math-tx/x3931b57772b927b3:algebraic-representations-two-variable-relationships/x3931b57772b927b3:coordinate-planes/v/plot-ordered-pairs
Finding the point not graphed,,Watch,https://www.khanacademy.org/math/grade-6-math-tx/x3931b57772b927b3:algebraic-representations-two-variable-relationships/x3931b57772b927b3:coordinate-planes/v/points-on-the-coordinate-plane
Points on the coordinate plane,,Read,https://www.khanacademy.org/math/grade-6-math-tx/x3931b57772b927b3:algebraic-representations-two-variable-relationships/x3931b57772b927b3:coordinate-planes/a/points-on-the-coordinate-plane
Points on the coordinate plane,,Do,https://www.khanacademy.org/math/grade-6-math-tx/x3931b57772b927b3:algebraic-representations-two-variable-relationships/x3931b57772b927b3:coordinate-planes/e/identifying_points_1
Quadrants of the coordinate plane,,Watch,https://www.khanacademy.org/math/grade-6-math-tx/x3931b57772b927b3:algebraic-representations-two-variable-relationships/x3931b57772b927b3:coordinate-planes/v/quadrants-of-coordinate-plane
Points and quadrants example,,Watch,https://www.khanacademy.org/math/grade-6-math-tx/x3931b57772b927b3:algebraic-representations-two-variable-relationships/x3931b57772b927b3:coordinate-planes/v/graphing-points-and-naming-quadrants-exercise
Quadrants on the coordinate plane,,Do,https://www.khanacademy.org/math/grade-6-math-tx/x3931b57772b927b3:algebraic-representations-two-variable-relationships/x3931b57772b927b3:coordinate-planes/e/graphing_points_2
Coordinate plane parts review,,Read,https://www.khanacademy.org/math/grade-6-math-tx/x3931b57772b927b3:algebraic-representations-two-variable-relationships/x3931b57772b927b3:coordinate-planes/a/coordinate-plane-parts-review
Graphing coordinates review,,Read,https://www.khanacademy.org/math/grade-6-math-tx/x3931b57772b927b3:algebraic-representations-two-variable-relationships/x3931b57772b927b3:coordinate-planes/a/graphing-coordinates-review
"Unit 12, Quiz 1",,Do,https://www.khanacademy.org/math/grade-6-math-tx/x3931b57772b927b3:algebraic-representations-two-variable-relationships/x3931b57772b927b3:coordinate-planes/quiz/x3931b57772b927b3:algebraic-representations-two-variable-relationships-quiz-1
Dependent & independent variables,,Watch,https://www.khanacademy.org/math/grade-6-math-tx/x3931b57772b927b3:algebraic-representations-two-variable-relationships/x3931b57772b927b3:dependent-and-independent-variables/v/dependent-independent-variables
Independent versus dependent variables,,Do,https://www.khanacademy.org/math/grade-6-math-tx/x3931b57772b927b3:algebraic-representations-two-variable-relationships/x3931b57772b927b3:dependent-and-independent-variables/e/dependent-and-independent-variables
Dependent & independent variables: graphing,,Watch,https://www.khanacademy.org/math/grade-6-math-tx/x3931b57772b927b3:algebraic-representations-two-variable-relationships/x3931b57772b927b3:dependent-and-independent-variables/v/dependent-and-independent-variables-exercise-example-2
Tables from equations with 2 variables,,Do,https://www.khanacademy.org/math/grade-6-math-tx/x3931b57772b927b3:algebraic-representations-two-variable-relationships/x3931b57772b927b3:dependent-and-independent-variables/e/complete-a-table-from-a-two-variable-equation
Match equations to coordinates on a graph,,Do,https://www.khanacademy.org/math/grade-6-math-tx/x3931b57772b927b3:algebraic-representations-two-variable-relationships/x3931b57772b927b3:dependent-and-independent-variables/e/match-equations-to-coordinates-on-a-line
Dependent and independent variables review,,Read,https://www.khanacademy.org/math/grade-6-math-tx/x3931b57772b927b3:algebraic-representations-two-variable-relationships/x3931b57772b927b3:dependent-and-independent-variables/a/dependent-and-independent-variables-review
"Unit 12, Quiz 2",,Do,https://www.khanacademy.org/math/grade-6-math-tx/x3931b57772b927b3:algebraic-representations-two-variable-relationships/x3931b57772b927b3:dependent-and-independent-variables/quiz/x3931b57772b927b3:algebraic-representations-two-variable-relationships-quiz-2
Graphing patterns on coordinate plane,,Watch,https://www.khanacademy.org/math/grade-6-math-tx/x3931b57772b927b3:algebraic-representations-two-variable-relationships/x3931b57772b927b3:number-patterns/v/relationships-between-patterns
Interpreting patterns on coordinate plane,,Watch,https://www.khanacademy.org/math/grade-6-math-tx/x3931b57772b927b3:algebraic-representations-two-variable-relationships/x3931b57772b927b3:number-patterns/v/interpreting-relationships-between-patterns
Interpreting relationships in ordered pairs,,Watch,https://www.khanacademy.org/math/grade-6-math-tx/x3931b57772b927b3:algebraic-representations-two-variable-relationships/x3931b57772b927b3:number-patterns/v/interpreting-and-graphing-relationships-between-patterns
Rules that relate 2 variables,,Do,https://www.khanacademy.org/math/grade-6-math-tx/x3931b57772b927b3:algebraic-representations-two-variable-relationships/x3931b57772b927b3:number-patterns/e/write-a-2-variable-relationship
Graphs of rules that relate 2 variables,,Do,https://www.khanacademy.org/math/grade-6-math-tx/x3931b57772b927b3:algebraic-representations-two-variable-relationships/x3931b57772b927b3:number-patterns/e/graph-a-2-variable-relationship
Relationships between 2 patterns,,Do,https://www.khanacademy.org/math/grade-6-math-tx/x3931b57772b927b3:algebraic-representations-two-variable-relationships/x3931b57772b927b3:number-patterns/e/visualizing-and-interpreting-relationships-between-patterns
"Unit 12, Quiz 3",,Do,https://www.khanacademy.org/math/grade-6-math-tx/x3931b57772b927b3:algebraic-representations-two-variable-relationships/x3931b57772b927b3:number-patterns/quiz/x3931b57772b927b3:algebraic-representations-two-variable-relationships-quiz-3
Unit 12 test,,Do,https://www.khanacademy.org/math/grade-6-math-tx/x3931b57772b927b3:algebraic-representations-two-variable-relationships/x3931b57772b927b3:number-patterns/test/x3931b57772b927b3:algebraic-representations-two-variable-relationships-unit-test
Converting units: metric distance,,Watch,https://www.khanacademy.org/math/grade-6-math-tx/x3931b57772b927b3:geometry-measurement/x3931b57772b927b3:converting-units-of-measure/v/ordering-metric-distances
Converting units: centimeters to meters,,Watch,https://www.khanacademy.org/math/grade-6-math-tx/x3931b57772b927b3:geometry-measurement/x3931b57772b927b3:converting-units-of-measure/v/cm-to-meters
Convert units (metrics),,Do,https://www.khanacademy.org/math/grade-6-math-tx/x3931b57772b927b3:geometry-measurement/x3931b57772b927b3:converting-units-of-measure/e/converting-units
Converting units: US volume,,Watch,https://www.khanacademy.org/math/grade-6-math-tx/x3931b57772b927b3:geometry-measurement/x3931b57772b927b3:converting-units-of-measure/v/converting-gallons-to-quarts-pints-and-cups
Same length in different units,,Watch,https://www.khanacademy.org/math/grade-6-math-tx/x3931b57772b927b3:geometry-measurement/x3931b57772b927b3:converting-units-of-measure/v/unit-conversion-with-fractions
Convert units (US customary),,Do,https://www.khanacademy.org/math/grade-6-math-tx/x3931b57772b927b3:geometry-measurement/x3931b57772b927b3:converting-units-of-measure/e/converting-units--us-customary-
Convert units with rates and proportions,,Do,https://www.khanacademy.org/math/grade-6-math-tx/x3931b57772b927b3:geometry-measurement/x3931b57772b927b3:converting-units-of-measure/e/converting-customary-units
Construct a triangle with constraints,,Watch,https://www.khanacademy.org/math/grade-6-math-tx/x3931b57772b927b3:geometry-measurement/x3931b57772b927b3:constructing-triangles/v/constructing-triangles-with-constraints
Triangle inequality theorem,,Watch,https://www.khanacademy.org/math/grade-6-math-tx/x3931b57772b927b3:geometry-measurement/x3931b57772b927b3:constructing-triangles/v/triangle-inqequality-theorem
Triangle side length rules,,Do,https://www.khanacademy.org/math/grade-6-math-tx/x3931b57772b927b3:geometry-measurement/x3931b57772b927b3:constructing-triangles/e/triangle_inequality_theorem
Angles in a triangle sum to 180° proof,,Watch,https://www.khanacademy.org/math/grade-6-math-tx/x3931b57772b927b3:geometry-measurement/x3931b57772b927b3:angles-in-a-triangle/v/proof-sum-of-measures-of-angles-in-a-triangle-are-180
Find angles in triangles,,Do,https://www.khanacademy.org/math/grade-6-math-tx/x3931b57772b927b3:geometry-measurement/x3931b57772b927b3:angles-in-a-triangle/e/triangle_angles_1
"Unit 13, Quiz 1",,Do,https://www.khanacademy.org/math/grade-6-math-tx/x3931b57772b927b3:geometry-measurement/x3931b57772b927b3:angles-in-a-triangle/quiz/x3931b57772b927b3:geometry-measurement-quiz-1
Area of a parallelogram,,Watch,https://www.khanacademy.org/math/grade-6-math-tx/x3931b57772b927b3:geometry-measurement/x3931b57772b927b3:area-of-a-parallelogram/v/intuition-for-area-of-a-parallelogram
Area of parallelograms,,Read,https://www.khanacademy.org/math/grade-6-math-tx/x3931b57772b927b3:geometry-measurement/x3931b57772b927b3:area-of-a-parallelogram/a/area-of-parallelogram
Area models and equations: parallelograms,,Do,https://www.khanacademy.org/math/grade-6-math-tx/x3931b57772b927b3:geometry-measurement/x3931b57772b927b3:area-of-a-parallelogram/e/area-models-equations-parallelograms
Area of parallelograms,,Do,https://www.khanacademy.org/math/grade-6-math-tx/x3931b57772b927b3:geometry-measurement/x3931b57772b927b3:area-of-a-parallelogram/e/area_of_parallelograms
"Unit 13, Quiz 2",,Do,https://www.khanacademy.org/math/grade-6-math-tx/x3931b57772b927b3:geometry-measurement/x3931b57772b927b3:area-of-a-parallelogram/quiz/x3931b57772b927b3:geometry-measurement-quiz-2
Area of a triangle,,Watch,https://www.khanacademy.org/math/grade-6-math-tx/x3931b57772b927b3:geometry-measurement/x3931b57772b927b3:area-of-a-triangle/v/intuition-for-area-of-a-triangle
Finding area of triangles,,Watch,https://www.khanacademy.org/math/grade-6-math-tx/x3931b57772b927b3:geometry-measurement/x3931b57772b927b3:area-of-a-triangle/v/example-finding-area-of-triangle
Area of triangles,,Read,https://www.khanacademy.org/math/grade-6-math-tx/x3931b57772b927b3:geometry-measurement/x3931b57772b927b3:area-of-a-triangle/a/area-of-triangle
Find base and height on a triangle,,Do,https://www.khanacademy.org/math/grade-6-math-tx/x3931b57772b927b3:geometry-measurement/x3931b57772b927b3:area-of-a-triangle/e/find-base-and-height-on-a-triangle
Area of right triangles,,Do,https://www.khanacademy.org/math/grade-6-math-tx/x3931b57772b927b3:geometry-measurement/x3931b57772b927b3:area-of-a-triangle/e/area-of-right-triangles
Area of triangles,,Do,https://www.khanacademy.org/math/grade-6-math-tx/x3931b57772b927b3:geometry-measurement/x3931b57772b927b3:area-of-a-triangle/e/area_of_triangles_1
Triangle missing side example,,Watch,https://www.khanacademy.org/math/grade-6-math-tx/x3931b57772b927b3:geometry-measurement/x3931b57772b927b3:area-of-a-triangle/v/triangle-missing-side-example
Find missing length when given area of a triangle,,Do,https://www.khanacademy.org/math/grade-6-math-tx/x3931b57772b927b3:geometry-measurement/x3931b57772b927b3:area-of-a-triangle/e/find-length-when-given-area-of-a-triangle
"Unit 13, Quiz 3",,Do,https://www.khanacademy.org/math/grade-6-math-tx/x3931b57772b927b3:geometry-measurement/x3931b57772b927b3:area-of-a-triangle/quiz/x3931b57772b927b3:geometry-measurement-quiz-3
Area of trapezoids,,Watch,https://www.khanacademy.org/math/grade-6-math-tx/x3931b57772b927b3:geometry-measurement/x3931b57772b927b3:area-of-a-trapezoid/v/area-of-a-trapezoid-1
Area of trapezoids,,Do,https://www.khanacademy.org/math/grade-6-math-tx/x3931b57772b927b3:geometry-measurement/x3931b57772b927b3:area-of-a-trapezoid/e/areas_of_trapezoids_rhombi_and_kites
Volume of a rectangular prism: fractional dimensions,,Watch,https://www.khanacademy.org/math/grade-6-math-tx/x3931b57772b927b3:geometry-measurement/x3931b57772b927b3:volume-of-a-rectangular-prism/v/volume-of-a-rectangular-prism-with-fractional-dimensions
Volume by multiplying area of base times height,,Do,https://www.khanacademy.org/math/grade-6-math-tx/x3931b57772b927b3:geometry-measurement/x3931b57772b927b3:volume-of-a-rectangular-prism/e/find-volume-by-multiplying-area-of-base-times-height
Volume with fractions,,Do,https://www.khanacademy.org/math/grade-6-math-tx/x3931b57772b927b3:geometry-measurement/x3931b57772b927b3:volume-of-a-rectangular-prism/e/volume_with_fractions
How volume changes from changing dimensions,,Watch,https://www.khanacademy.org/math/grade-6-math-tx/x3931b57772b927b3:geometry-measurement/x3931b57772b927b3:volume-of-a-rectangular-prism/v/how-volume-changes-from-changing-dimensions
Volume of a rectangular prism: word problem,,Watch,https://www.khanacademy.org/math/grade-6-math-tx/x3931b57772b927b3:geometry-measurement/x3931b57772b927b3:volume-of-a-rectangular-prism/v/marbles-in-tank-volume
Volume word problems: fractions & decimals,,Do,https://www.khanacademy.org/math/grade-6-math-tx/x3931b57772b927b3:geometry-measurement/x3931b57772b927b3:volume-of-a-rectangular-prism/e/volume-word-problems-with-fractions
"Unit 13, Quiz 4",,Do,https://www.khanacademy.org/math/grade-6-math-tx/x3931b57772b927b3:geometry-measurement/x3931b57772b927b3:volume-of-a-rectangular-prism/quiz/x3931b57772b927b3:geometry-measurement-quiz-4
Unit 13 test,,Do,https://www.khanacademy.org/math/grade-6-math-tx/x3931b57772b927b3:geometry-measurement/x3931b57772b927b3:volume-of-a-rectangular-prism/test/x3931b57772b927b3:geometry-measurement-unit-test
Statistical questions,,Watch,https://www.khanacademy.org/math/grade-6-math-tx/x3931b57772b927b3:data-analysis/x3931b57772b927b3:statistical-questions/v/understanding-statistical-questions
Statistical questions,,Do,https://www.khanacademy.org/math/grade-6-math-tx/x3931b57772b927b3:data-analysis/x3931b57772b927b3:statistical-questions/e/statistical-questions
Representing data,,Watch,https://www.khanacademy.org/math/grade-6-math-tx/x3931b57772b927b3:data-analysis/x3931b57772b927b3:dot-plots-frequency-tables/v/ways-to-represent-data
Frequency tables & dot plots,,Watch,https://www.khanacademy.org/math/grade-6-math-tx/x3931b57772b927b3:data-analysis/x3931b57772b927b3:dot-plots-frequency-tables/v/frequency-tables-and-dot-plots
Creating dot plots,,Do,https://www.khanacademy.org/math/grade-6-math-tx/x3931b57772b927b3:data-analysis/x3931b57772b927b3:dot-plots-frequency-tables/e/creating-dot-plots
Reading dot plots & frequency tables,,Do,https://www.khanacademy.org/math/grade-6-math-tx/x3931b57772b927b3:data-analysis/x3931b57772b927b3:dot-plots-frequency-tables/e/analyzing-with-dot-plots
"Unit 14, Quiz 1",,Do,https://www.khanacademy.org/math/grade-6-math-tx/x3931b57772b927b3:data-analysis/x3931b57772b927b3:dot-plots-frequency-tables/quiz/x3931b57772b927b3:data-analysis-quiz-1
Creating a histogram,,Watch,https://www.khanacademy.org/math/grade-6-math-tx/x3931b57772b927b3:data-analysis/x3931b57772b927b3:histograms-stem-and-leaf-plots/v/histograms-intro
Create histograms,,Do,https://www.khanacademy.org/math/grade-6-math-tx/x3931b57772b927b3:data-analysis/x3931b57772b927b3:histograms-stem-and-leaf-plots/e/creating-histograms
Interpreting a histogram,,Watch,https://www.khanacademy.org/math/grade-6-math-tx/x3931b57772b927b3:data-analysis/x3931b57772b927b3:histograms-stem-and-leaf-plots/v/interpreting-histograms
Read histograms,,Do,https://www.khanacademy.org/math/grade-6-math-tx/x3931b57772b927b3:data-analysis/x3931b57772b927b3:histograms-stem-and-leaf-plots/e/reading-histograms
Stem-and-leaf plots,,Watch,https://www.khanacademy.org/math/grade-6-math-tx/x3931b57772b927b3:data-analysis/x3931b57772b927b3:histograms-stem-and-leaf-plots/v/u08-l1-t2-we3-stem-and-leaf-plots
Reading stem and leaf plots,,Watch,https://www.khanacademy.org/math/grade-6-math-tx/x3931b57772b927b3:data-analysis/x3931b57772b927b3:histograms-stem-and-leaf-plots/v/reading-stem-and-leaf-plots
Reading stem and leaf plots,,Do,https://www.khanacademy.org/math/grade-6-math-tx/x3931b57772b927b3:data-analysis/x3931b57772b927b3:histograms-stem-and-leaf-plots/e/reading_stem_and_leaf_plots
"Unit 14, Quiz 2",,Do,https://www.khanacademy.org/math/grade-6-math-tx/x3931b57772b927b3:data-analysis/x3931b57772b927b3:histograms-stem-and-leaf-plots/quiz/x3931b57772b927b3:data-analysis-quiz-2
"Statistics intro: Mean, median, & mode",,Watch,https://www.khanacademy.org/math/grade-6-math-tx/x3931b57772b927b3:data-analysis/x3931b57772b927b3:mean-and-median/v/statistics-intro-mean-median-and-mode
"Mean, median, & mode example",,Watch,https://www.khanacademy.org/math/grade-6-math-tx/x3931b57772b927b3:data-analysis/x3931b57772b927b3:mean-and-median/v/mean-median-and-mode
Calculating the mean,,Read,https://www.khanacademy.org/math/grade-6-math-tx/x3931b57772b927b3:data-analysis/x3931b57772b927b3:mean-and-median/a/calculating-the-mean
Calculating the mean,,Do,https://www.khanacademy.org/math/grade-6-math-tx/x3931b57772b927b3:data-analysis/x3931b57772b927b3:mean-and-median/e/calculating-the-mean
Calculating the median,,Do,https://www.khanacademy.org/math/grade-6-math-tx/x3931b57772b927b3:data-analysis/x3931b57772b927b3:mean-and-median/e/calculating-the-median
Median in a histogram,,Watch,https://www.khanacademy.org/math/grade-6-math-tx/x3931b57772b927b3:data-analysis/x3931b57772b927b3:mean-and-median/v/median-histogram
Calculating the mean: data displays,,Do,https://www.khanacademy.org/math/grade-6-math-tx/x3931b57772b927b3:data-analysis/x3931b57772b927b3:mean-and-median/e/calculating-the-mean-from-various-data-displays
Calculating the median: data displays,,Do,https://www.khanacademy.org/math/grade-6-math-tx/x3931b57772b927b3:data-analysis/x3931b57772b927b3:mean-and-median/e/calculating-the-median-from-data-displays
"Unit 14, Quiz 3",,Do,https://www.khanacademy.org/math/grade-6-math-tx/x3931b57772b927b3:data-analysis/x3931b57772b927b3:mean-and-median/quiz/x3931b57772b927b3:data-analysis-quiz-3
Interquartile range (IQR),,Watch,https://www.khanacademy.org/math/grade-6-math-tx/x3931b57772b927b3:data-analysis/x3931b57772b927b3:interquartile-range-iqr/v/calculating-interquartile-range-iqr
Interquartile range (IQR),,Do,https://www.khanacademy.org/math/grade-6-math-tx/x3931b57772b927b3:data-analysis/x3931b57772b927b3:interquartile-range-iqr/e/calculating-the-interquartile-range--iqr-
Interquartile range review,,Read,https://www.khanacademy.org/math/grade-6-math-tx/x3931b57772b927b3:data-analysis/x3931b57772b927b3:interquartile-range-iqr/a/interquartile-range-review
Reading box plots,,Watch,https://www.khanacademy.org/math/grade-6-math-tx/x3931b57772b927b3:data-analysis/x3931b57772b927b3:box-plots/v/reading-box-and-whisker-plots
Reading box plots,,Do,https://www.khanacademy.org/math/grade-6-math-tx/x3931b57772b927b3:data-analysis/x3931b57772b927b3:box-plots/e/analyzing-data-with-box-plots
Constructing a box plot,,Watch,https://www.khanacademy.org/math/grade-6-math-tx/x3931b57772b927b3:data-analysis/x3931b57772b927b3:box-plots/v/constructing-a-box-and-whisker-plot
Worked example: Creating a box plot (odd number of data points),,Watch,https://www.khanacademy.org/math/grade-6-math-tx/x3931b57772b927b3:data-analysis/x3931b57772b927b3:box-plots/v/box-and-whisker-plot-exercise-example
Worked example: Creating a box plot (even number of data points),,Watch,https://www.khanacademy.org/math/grade-6-math-tx/x3931b57772b927b3:data-analysis/x3931b57772b927b3:box-plots/v/another-example-constructing-box-plot
Creating box plots,,Do,https://www.khanacademy.org/math/grade-6-math-tx/x3931b57772b927b3:data-analysis/x3931b57772b927b3:box-plots/e/box-plots
"Unit 14, Quiz 4",,Do,https://www.khanacademy.org/math/grade-6-math-tx/x3931b57772b927b3:data-analysis/x3931b57772b927b3:box-plots/quiz/x3931b57772b927b3:data-analysis-quiz-4
Shapes of distributions,,Watch,https://www.khanacademy.org/math/grade-6-math-tx/x3931b57772b927b3:data-analysis/x3931b57772b927b3:shape-of-data-distribution/v/shapes-of-distributions
Shape of distributions,,Do,https://www.khanacademy.org/math/grade-6-math-tx/x3931b57772b927b3:data-analysis/x3931b57772b927b3:shape-of-data-distribution/e/shape-of-distributions
"Clusters, gaps, peaks & outliers",,Watch,https://www.khanacademy.org/math/grade-6-math-tx/x3931b57772b927b3:data-analysis/x3931b57772b927b3:shape-of-data-distribution/v/examples-analyzing-clusters-gaps-peaks-and-outliers-for-distributions
"Clusters, gaps, & peaks in data distributions",,Do,https://www.khanacademy.org/math/grade-6-math-tx/x3931b57772b927b3:data-analysis/x3931b57772b927b3:shape-of-data-distribution/e/clusters--gaps--peaks--and-outliers
Data and statistics FAQ,,Read,https://www.khanacademy.org/math/grade-6-math-tx/x3931b57772b927b3:data-analysis/x3931b57772b927b3:shape-of-data-distribution/a/data-and-statistics-faq
Two-way frequency tables and Venn diagrams,,Watch,https://www.khanacademy.org/math/grade-6-math-tx/x3931b57772b927b3:data-analysis/x3931b57772b927b3:two-way-tables/v/two-way-frequency-tables-and-venn-diagrams
Create two-way frequency tables,,Do,https://www.khanacademy.org/math/grade-6-math-tx/x3931b57772b927b3:data-analysis/x3931b57772b927b3:two-way-tables/e/two-way-frequency-tables
Two-way relative frequency tables,,Watch,https://www.khanacademy.org/math/grade-6-math-tx/x3931b57772b927b3:data-analysis/x3931b57772b927b3:two-way-tables/v/two-way-relative-frequency-tables
Create two-way relative frequency tables,,Do,https://www.khanacademy.org/math/grade-6-math-tx/x3931b57772b927b3:data-analysis/x3931b57772b927b3:two-way-tables/e/two-way-relative-frequency-tables
"Unit 14, Quiz 5",,Do,https://www.khanacademy.org/math/grade-6-math-tx/x3931b57772b927b3:data-analysis/x3931b57772b927b3:two-way-tables/quiz/x3931b57772b927b3:data-analysis-quiz-5
Unit 14 test,,Do,https://www.khanacademy.org/math/grade-6-math-tx/x3931b57772b927b3:data-analysis/x3931b57772b927b3:two-way-tables/test/x3931b57772b927b3:data-analysis-unit-test
Features and fees of checking accounts,,Watch,https://www.khanacademy.org/math/grade-6-math-tx/x3931b57772b927b3:personal-financial-literacy/x3931b57772b927b3:checking-account-costs-and-features/v/features-and-fees-of-checking-accounts
Checking accounts,,Do,https://www.khanacademy.org/math/grade-6-math-tx/x3931b57772b927b3:personal-financial-literacy/x3931b57772b927b3:checking-account-costs-and-features/e/checking-accounts
Balancing a check register,,Watch,https://www.khanacademy.org/math/grade-6-math-tx/x3931b57772b927b3:personal-financial-literacy/x3931b57772b927b3:check-register/v/balancing-a-check-register
Balancing a check register,,Do,https://www.khanacademy.org/math/grade-6-math-tx/x3931b57772b927b3:personal-financial-literacy/x3931b57772b927b3:check-register/e/balancing-a-check-register
Debit and credit cards,,Watch,https://www.khanacademy.org/math/grade-6-math-tx/x3931b57772b927b3:personal-financial-literacy/x3931b57772b927b3:payment-methods-debit-cards-and-credit-cards/v/debit-and-credit-cards
Using debit or credit,,Do,https://www.khanacademy.org/math/grade-6-math-tx/x3931b57772b927b3:personal-financial-literacy/x3931b57772b927b3:payment-methods-debit-cards-and-credit-cards/e/using-debit-or-credit
"Unit 15, Quiz 1",,Do,https://www.khanacademy.org/math/grade-6-math-tx/x3931b57772b927b3:personal-financial-literacy/x3931b57772b927b3:payment-methods-debit-cards-and-credit-cards/quiz/x3931b57772b927b3:personal-financial-literacy-quiz-1
Credit report & credit history,,Watch,https://www.khanacademy.org/math/grade-6-math-tx/x3931b57772b927b3:personal-financial-literacy/x3931b57772b927b3:credit-reports-and-credit-history/v/credit-report-credit-history
Credit report and credit history,,Do,https://www.khanacademy.org/math/grade-6-math-tx/x3931b57772b927b3:personal-financial-literacy/x3931b57772b927b3:credit-reports-and-credit-history/e/credit-report-and-credit-history
Paying for education,,Watch,https://www.khanacademy.org/math/grade-6-math-tx/x3931b57772b927b3:personal-financial-literacy/x3931b57772b927b3:paying-for-college/v/paying-for-college
Paying for college,,Do,https://www.khanacademy.org/math/grade-6-math-tx/x3931b57772b927b3:personal-financial-literacy/x3931b57772b927b3:paying-for-college/e/paying-for-college
Why invest in yourself?,,Watch,https://www.khanacademy.org/math/grade-6-math-tx/x3931b57772b927b3:personal-financial-literacy/x3931b57772b927b3:jobs-and-salaries/v/why-invest-in-yourself
Comparing salaries,,Watch,https://www.khanacademy.org/math/grade-6-math-tx/x3931b57772b927b3:personal-financial-literacy/x3931b57772b927b3:jobs-and-salaries/v/comparing-salaries
Let's compare salaries,,Do,https://www.khanacademy.org/math/grade-6-math-tx/x3931b57772b927b3:personal-financial-literacy/x3931b57772b927b3:jobs-and-salaries/e/let-s-compare-salaries
"Unit 15, Quiz 2",,Do,https://www.khanacademy.org/math/grade-6-math-tx/x3931b57772b927b3:personal-financial-literacy/x3931b57772b927b3:jobs-and-salaries/quiz/x3931b57772b927b3:personal-financial-literacy-quiz-2
Unit 15 test,,Do,https://www.khanacademy.org/math/grade-6-math-tx/x3931b57772b927b3:personal-financial-literacy/x3931b57772b927b3:jobs-and-salaries/test/x3931b57772b927b3:personal-financial-literacy-unit-test
