Name,English Language Arts
Description,"Online videos and activities from TurtleDiary, Arcademics, and Mind Blooming to foster a deeper understanding of foundational knowledge about the English language."
Publisher,Various
Grade Level,5th Grade
Link,https://www.turtlediary.com/quizzes/fifth-grade/language-arts.html

Title,Description,Action,URL
"Watch: ""Nouns Part 1: What is a Noun?""",,Watch,https://youtu.be/fnCh8UexntQ?si=VD6eN6F_UETOVwgl
"Watch: ""Nouns Part 2: Common & Proper Nouns""",,Watch,https://youtu.be/ppNtch3wRJ4?si=ZDZ9PVWE48cd43w1
"Watch: ""Nouns Part 3: Singular & Plural Nouns""",,Watch,https://youtu.be/xeOXwZflwmg?si=OA21t2dvAeNPgl0x
"Watch: ""Nouns Part 4: Irregular Plural Nouns""",,Watch,https://youtu.be/sG10HhMpans?si=3AHUlI1jKMoNOG_Q
"Watch: ""Nouns Part 5: Possessive Nouns""",,Watch,https://youtu.be/EnyWRopHTuM?si=DTYx3_MAteZDVqAt
"Take Quiz: ""Identifying a Noun""",,Do,https://www.turtlediary.com/quiz/identifying-a-noun-fifth-grade.html
"Take Quiz: ""Identifying the Type of Noun""",,Do,https://www.turtlediary.com/quiz/identifying-a-noun-fifth-grade.html
"Take Quiz: ""Identifying Common and Proper Nouns""",,Do,https://www.turtlediary.com/quiz/identifying-common-and-proper-nouns-fifth-grade.html
"Take Quiz: ""Identifying Collective Nouns""",,Do,https://www.turtlediary.com/quiz/identifying-collective-nouns-fifth-grade.html
"Take Quiz: ""Identifying Count and Noncount Nouns""",,Do,https://www.turtlediary.com/quiz/identifying-count-and-noncount-nouns.html
"Take Quiz: ""Identifying an Abstract Noun""",,Do,https://www.turtlediary.com/quiz/identifying-an-abstract-noun.html
"Take Quiz: ""Identifying a Concrete Noun""",,Do,https://www.turtlediary.com/quiz/identifying-a-concrete-noun.html
"Take Quiz: ""Identifying Compound Nouns""",,Do,https://www.turtlediary.com/quiz/identifying-compound-nouns-fifth-grade.html
"Take Quiz: ""Gerunds""",,Do,https://www.turtlediary.com/quiz/identifying-gerunds.html
"Play ""Bumper Boat Bash"" on Arcademics",,Do,https://www.arcademics.com/games/bumper-boat-bash
"Watch: ""Verbs Part 1: Action verbs""",,Watch,https://youtu.be/eG9wOSM2eoQ?si=SJCyVccskQxN8k2M
"Watch: ""Verbs Part 2: Subject-Verb Agreement""",,Watch,https://youtu.be/ZqtqnNFfDXE?si=mQvr1KuPygRfJ7UY
"Watch: Verbs Part 3: Simple Verb Tenses (Past, Present, and Future Tense)""",,Watch,https://youtu.be/4Rm9l6y3-WY?si=pL4cClx5wmOsOEMW
"Watch: ""Verbs Part 4: Helping Verbs""",,Watch,https://www.youtube.com/watch?v=pefM8yrKyqg
"Watch: ""Verbs Part 5: Linking Verbs""",,Watch,https://youtu.be/B2r4LBm6RZU?si=YNev7x4lt0JRmyzW
"Take Quiz: ""Identifying Verb in a Sentence""",,Do,https://www.turtlediary.com/quiz/identifying-verb-in-a-sentence-fifth-grade.html
"Take Quiz: ""Identifying Verb Phrase in a Sentence""",,Do,https://www.turtlediary.com/quiz/identifying-verb-phrase-in-a-sentence-fifth-grade.html
"Take Quiz: ""Identifying the Correct Tense Form""",,Do,https://www.turtlediary.com/quiz/identifying-the-correct-tense-form.html
"Take Quiz: ""Choosing the Correct Present Tense Verb""",,Do,https://www.turtlediary.com/quiz/choosing-the-correct-present-tense-verb.html
"Take Quiz: ""Choosing the Correct Past Tense Verb""",,Do,https://www.turtlediary.com/quiz/choosing-the-correct-past-tense-verb.html
"Take Quiz: ""Choosing the Correct Future Tense Verb""",,Do,https://www.turtlediary.com/quiz/choosing-the-correct-future-tense-verb.html
"Take Quiz: ""Using the Present Tense Form of a Verb""",,Do,https://www.turtlediary.com/quiz/using-the-present-tense-form-of-a-verb-fifth-grade.html
"Take Quiz: ""Using the Past Tense Form of a Verb""",,Do,https://www.turtlediary.com/quiz/using-the-past-tense-form-of-a-verb-fifth-grade.html
"Take Quiz: ""Using the Future Tense Form of a Verb""",,Do,https://www.turtlediary.com/quiz/using-the-future-tense-form-of-a-verb-fifth-grade.html
"Take Quiz: ""Completing the Sentence with Correct Tense Form""",,Do,https://www.turtlediary.com/quiz/completing-the-sentence-with-correct-tense-form.html
"Take Quiz: ""Identifying Helping Verb in a Sentence""",,Do,https://www.turtlediary.com/quiz/identifying-helping-verb-in-a-sentence.html
"Take Quiz: ""Identifying a Verb as Main or Helping Verb""",,Do,https://www.turtlediary.com/quiz/identifying-a-verb-as-main-or-helping-verb.html
"Take Quiz: ""Identifying Helping Verb in a Sentence""",,Do,https://www.turtlediary.com/quiz/recognizing-the-helping-verb-in-a-sentence.html
"Take Quiz: ""Completing the Sentence with the Correct Helping Verb""",,Do,https://www.turtlediary.com/quiz/using-a-helping-verb-to-complete-a-sentence.html
"Take Quiz: ""Identifying a Helping Verb as Primary or Modal Verb""",,Do,https://www.turtlediary.com/quiz/identifying-a-helping-verb-as-primary-or-modal-verb.html
"Play ""Verb Viper"" on Arcademics",,Do,https://www.arcademics.com/games/viper
"Watch: ""Adjectives Part 1: What are adjectives?""",,Watch,https://youtu.be/a2lneKI1dW4?si=w0yQxR4WMJ6ffP4U
"Watch: ""Adjectives Part 2: Comparative and Superlative Adjectives""",,Watch,https://youtu.be/AUSAHPcjR9o?si=29Wkl5pAoa6sUWGU
"Watch: ""Adjectives Part 3: Articles""",,Watch,https://youtu.be/9Jg1aFgmEgI?si=cNhyLDM4OASrJT0r
"Take Quiz: ""Identifying Adjectives""",,Do,https://www.turtlediary.com/quiz/identifying-the-adjective-fifth-grade.html
"Take Quiz: ""Adjective Examples in Sentences""",,Do,https://www.turtlediary.com/quiz/identifying-adjective-in-a-sentence.html
"Take Quiz: ""Identifying What the Adjective Tells""",,Do,https://www.turtlediary.com/quiz/identifying-what-the-adjective-tells-fifth-grade.html
"Take Quiz: ""Identifying the Position of Adjectives""",,Do,https://www.turtlediary.com/quiz/identifying-the-position-of-adjective-fifth-grade.html
"Take Quiz: ""Identifying the Adjective of Quality""",,Do,https://www.turtlediary.com/quiz/identifying-the-adjective-of-quality-fifth-grade.html
"Take Quiz: ""Identifying the Adjective of Quantity""",,Do,https://www.turtlediary.com/quiz/identifying-the-adjective-of-quantity-fifth-grade.html
"Take Quiz: ""Identifying the Adjective of Number""",,Do,https://www.turtlediary.com/quiz/identifying-the-adjective-of-number-fifth-grade.html
"Take Quiz: ""Choosing the Correct Adjective of Quality""",,Do,https://www.turtlediary.com/quiz/choosing-the-correct-adjective-of-quality.html
"Take Quiz: ""Choosing the Correct Adjective of Quantity""",,Do,https://www.turtlediary.com/quiz/choosing-the-correct-adjective-of-quantity-fifth-grade.html
"Take Quiz: ""Choosing the Correct Adjective of Number""",,Do,https://www.turtlediary.com/quiz/choosing-the-correct-adjective-of-number.html
"Take Quiz: ""Choosing between the Adjective of Quantity and the Adjective of Number""",,Do,https://www.turtlediary.com/quiz/choosing-between-the-adjective-of-quantity-and-the-adjective-of-number-fifth-grade.html
"Take Quiz: ""Identifying the Correct Adjective Order""",,Do,https://www.turtlediary.com/quiz/identifying-the-correct-adjective-order.html
"Take Quiz: ""Rearranging Jumbled Forms to Write Correct Adjective Order""",,Do,https://www.turtlediary.com/quiz/rearranging-jumbled-forms-to-write-correct-adjective-order.html
"Take Quiz: ""Identifying the Correct Degree of Adjective""",,Do,https://www.turtlediary.com/quiz/identifying-the-correct-degree-of-adjective.html
"Take Quiz: ""Forming Degrees of Adjectives""",,Do,https://www.turtlediary.com/quiz/forming-degrees-of-adjectives.html
"Take Quiz: ""Completing a Sentence with the Correct Degree of Adjective""",,Do,https://www.turtlediary.com/quiz/completing-a-sentence-with-the-correct-degree-of-adjective-fifth-grade.html
"Take Quiz: ""Rewriting a Sentence using the Correct Degree of Adjective""",,Do,https://www.turtlediary.com/quiz/rewriting-a-sentence-using-the-correct-degree-of-adjective-fifth-grade.html
"Watch: ""Let's Learn About Conjunctions""",,Watch,https://youtu.be/vY9P6ckTtJU?si=WyoccIpJqwF1QuMj
"Take Quiz: ""Identifying Conjunctions in a Sentence""",,Do,https://www.turtlediary.com/quiz/identifying-conjunctions.html
"Take Quiz: ""Identifying the Conjunction as Coordinating or Subordinating""",,Do,https://www.turtlediary.com/quiz/identifying-types-of-conjunctions.html
"Take Quiz: ""Identifying Correlative Conjunctions""",,Do,https://www.turtlediary.com/quiz/identifying-correlative-conjunctions.html
"Take Quiz: ""Identifying Correct Use of Correlative Conjunctions""",,Do,https://www.turtlediary.com/quiz/identifying-correct-use-of-correlative-conjunctions.html
"Take Quiz: ""Choosing Correct Correlative Conjunction""",,Do,https://www.turtlediary.com/quiz/choosing-correct-correlative-conjunction.html
"Take Quiz: ""Combining sentences with Correlative Conjunctions""",,Do,https://www.turtlediary.com/quiz/combining-sentences-with-correlative-conjunctions.html
"Take Quiz: ""Applying Verb Agreement with Correlative Conjunctions""",,Do,https://www.turtlediary.com/quiz/applying-verb-agreement-with-correlative-conjunctions.html
"Take Quiz: ""Applying Pronoun Agreement with Correlative Conjunctions""",,Do,https://www.turtlediary.com/quiz/applying-pronoun-agreement-with-correlative-conjunctions.html
"Watch: ""Pronouns Part 1: Subject Pronoun""",,Watch,https://youtu.be/B2CO4TvynYA?si=NjXcccQiXPOmnQBJ
"Watch: ""Pronouns Part 2: Object Pronoun""",,Watch,https://youtu.be/BM_c3cqEF8U?si=fzqNcFpDlnoEjZpK
"Take Quiz: ""Pronoun Identification""",,Do,https://www.turtlediary.com/quiz/pronoun-identification.html
"Take Quiz: ""Completing Sentences with the Correct Pronouns""",,Do,https://www.turtlediary.com/quiz/choosing-correct-pronoun.html
"Take Quiz: ""Choosing the Correct Personal Pronoun""",,Do,https://www.turtlediary.com/quiz/choosing-correct-personal-pronoun.html
"Take Quiz: ""Replacing Nouns with Pronouns""",,Do,https://www.turtlediary.com/quiz/replace-noun-with-pronoun-fifth-grade.html
"Take Quiz: ""Identifying a Word as Subject or Object Pronoun""",,Do,https://www.turtlediary.com/quiz/applying-pronoun-agreement-with-correlative-conjunctions.html
"Take Quiz: ""Completing a Sentence with the Correct Subject or Object Pronoun""",,Do,https://www.turtlediary.com/quiz/completing-sentence-with-subject-or-object-pronoun.html
"Watch: ""8 Parts of Speech - Essentials Edition - Classical Conversations""",,Watch,https://youtu.be/T5iD09ecpq4?si=p4BAIVxgC0CyPaUC
"Take Quiz: ""Identify Nouns""",,Do,https://www.turtlediary.com/quiz/identifying-nouns-fifth-grade.html
"Take Quiz: ""Identify Pronouns""",,Do,https://www.turtlediary.com/quiz/identifying-pronouns-fifth-grade.html
"Take Quiz: ""Pronoun Identification""",,Do,https://www.turtlediary.com/quiz/pronoun-identification.html
"Take Quiz: ""Identify Verbs""",,Do,https://www.turtlediary.com/quiz/identifying-verbs.html
"Take Quiz: ""Identify Adjectives""",,Do,https://www.turtlediary.com/quiz/identifying-adjectives.html
"Take Quiz: ""Identifying Adverbs""",,Do,https://www.turtlediary.com/quiz/identifying-adverbs.html
"Take Quiz: ""Identify Prepositions""",,Do,https://www.turtlediary.com/quiz/identifying-prepositions-fifth-grade.html
"Take Quiz: ""Identifying Conjunctions in a Sentence""",,Do,https://www.turtlediary.com/quiz/identifying-conjunctions.html
"Take Quiz: ""Identify Interjections""",,Do,https://www.turtlediary.com/quiz/identifying-interjections.html
"Take Quiz: ""Identifying Part of Speech for a Given Word""",,Do,https://www.turtlediary.com/quiz/identifying-part-of-speech-for-a-given-word.html
"Take Quiz: ""Identifying Part of Speech for the Underlined Word""",,Do,https://www.turtlediary.com/quiz/identifying-part-of-speech-for-the-underlined-word.html
"Play ""Word Invasion"" on Arcademics",,Do,https://www.arcademics.com/games/invasion
"Watch: ""Types of Sentences: Statements, Questions, Commands, & Exclamations""",,Watch,https://youtu.be/13FaGPggCg8?si=mH5Cva2dFr0aZBW-
"Watch: ""Subjects and predicates""",,Watch,https://youtu.be/VuXBh78Jkik?si=XO7z2E4kVexbYefF
"Take Quiz: ""Identifying a Sentence as Complete or Incomplete""",,Do,https://www.turtlediary.com/quiz/identifying-a-sentence-as-complete-or-incomplete.html
"Take Quiz: ""Choosing Sentences Ending with Exclamation Point""",,Do,https://www.turtlediary.com/quiz/identifying-the-sentence-that-will-use-the-exclamation-mark-as-the-end-punctuation.html
"Take Quiz: ""Identifying Sentences Needing Question Mark""",,Do,https://www.turtlediary.com/quiz/identifying-the-sentence-that-will-use-the-question-mark-as-the-end-punctuation.html
"Take Quiz: ""Identifying a Sentence as a Statement, Command, Question, or Exclamation""",,Do,https://www.turtlediary.com/quiz/identifying-sentences-as-a-statement-command-question-or-exclamation-fifth-grade.html
"Take Quiz: ""Identifying a Sentence as Declarative, Imperative, Interrogative, or Exclamatory""",,Do,https://www.turtlediary.com/quiz/identifying-sentences-as-declarative-imperative-interrogative-or-exclamatory-fifth-grade.html
"Take Quiz: ""Identifying a Sentence That Uses Apostrophe Correctly""",,Do,https://www.turtlediary.com/quiz/identifying-the-sentence-using-apostrophe-correctly.html
"Take Quiz: ""Identifying Sentences That Use Comma Correctly""",,Do,https://www.turtlediary.com/quiz/identifying-the-sentence-using-comma-correctly.html
"Take Quiz: ""Identifying Correct Use of Period""",,Do,https://www.turtlediary.com/quiz/identifying-the-sentence-using-period-correctly.html
"Take Quiz: ""Identifying Correct Use of Question Mark""",,Do,https://www.turtlediary.com/quiz/identifying-the-sentence-using-question-mark-correctly.html
"Take Quiz: ""Identifying Correct Use of Quotation Marks""",,Do,https://www.turtlediary.com/quiz/identifying-the-sentence-using-quotation-marks-correctly.html
"Take Quiz: ""Identifying the Subject""",,Do,https://www.turtlediary.com/quiz/identifying-the-subject.html
"Take Quiz: ""Identifying the Simple Subject""",,Do,https://www.turtlediary.com/quiz/identifying-the-simple-subject-fifth-grade.html
"Take Quiz: ""Identifying the Compound Subject""",,Do,https://www.turtlediary.com/quiz/identifying-the-compound-subject.html
"Take Quiz: ""Identifying the Predicate""",,Do,https://www.turtlediary.com/quiz/identifying-the-predicate-fifth-grade.html
"Take Quiz: ""Identifying the Simple Predicate""",,Do,https://www.turtlediary.com/quiz/identifying-the-simple-predicate-fifth-grade.html
"Take Quiz: ""Identifying the Compound Predicate""",,Do,https://www.turtlediary.com/quiz/identifying-the-compound-predicate-fifth-grade.html
"Take Quiz: ""Identifying the Nature of the Noun in a Sentence""",,Do,https://www.turtlediary.com/quiz/identifying-the-nature-of-the-noun-in-a-sentence.html
"Take Quiz: ""Put the Correct End Punctuation""",,Do,https://www.turtlediary.com/quiz/put-the-correct-end-punctuation-fifth-grade.html
"Take Quiz: ""Forming Possessive Nouns""",,Do,https://www.turtlediary.com/quiz/forming-possessive-nouns-fifth-grade.html
"Take Quiz: ""Determining the Position of the Subject""",,Do,https://www.turtlediary.com/quiz/determining-the-position-of-the-subject.html
"Take Quiz: ""Determining the Position of the Predicate""",,Do,https://www.turtlediary.com/quiz/determining-the-position-of-the-predicate.html
"Take Quiz: ""Using the Punctuation Marks Correctly""",,Do,https://www.turtlediary.com/quiz/using-the-punctuation-marks-correctly.html
"Take Quiz: ""Using Quotation Marks Correctly in a Sentence""",,Do,https://www.turtlediary.com/quiz/using-quotation-marks-correctly-in-a-sentence.html
"Take Quiz: ""Using Apostrophe Correctly in a Sentence""",,Do,https://www.turtlediary.com/quiz/using-apostrophe-correctly-in-a-sentence.html
"Take Quiz: ""Subject - Verb Agreement""",,Do,https://www.turtlediary.com/quiz/subject-verb-agreement-fifth-grade.html
"Take Quiz: ""Rewriting Sentences Using Exclamation Point""",,Do,https://www.turtlediary.com/quiz/rewriting-a-sentence-correctly-using-the-exclamation-mark.html
"Take Quiz: ""Rewriting a Sentence by Placing a Comma Correctly""",,Do,https://www.turtlediary.com/quiz/rewriting-a-sentence-correctly.html
"Play ""Giraffe Karts"" on Arcademics",,Do,https://www.arcademics.com/games/giraffe-karts
