Name,K-8 American History
Description,"A chronological journey through American history in 214 hand-picked picture books and videos, from first contact to the present day."
Publisher,Chief Clanker
Grade Level,Any
Link,https://chiefclanker.com/american-history/

Title,Description,Action,URL
Follow the Dream: The Story of Christopher Columbus by Peter Sís,Christopher Columbus overcomes many obstacles to fulfill his dream of sailing west in 1492 to find a new route to the Orient.,Read,https://archive.org/details/followdreamstory0000sisp/mode/2up
The Travels of John and Sebastian Cabot by Joanne Mattern,"In May 1497 John Cabot sails from Bristol, England aboard the Matthew and reaches the North American coast, winning England its first foothold in the new world. His son Sebastian's own voyages of exploration came later.",Read,https://archive.org/details/travelsofjohnseb0000matt/mode/2up
Amerigo Vespucci: A Primary Source Biography by Lynn Hoogenboom,"In 1499 Amerigo Vespucci makes his first certain voyage to the New World, exploring the coast of South America. His conclusion that these lands were a new continent rather than the edge of Asia is why the Americas carry his name.",Read,https://archive.org/details/amerigovespuccip0000hoog/mode/2up
Ponce de Leon by Historycentral,"On April 3, 1513 Ponce de León claims Florida for Spain. His 1521 attempt to settle it with 200 colonists ends in failure after a native attack.",Watch,https://youtu.be/jKs_pdWwKUQ
The Incredible Journey of Cabeza De Vaca (1527-1536) by History Time,"In 1536 four gaunt survivors of the doomed 1527 Narváez expedition reach a Spanish outpost in Mexico, having walked across North America for eight years.",Watch,https://youtu.be/P_ozbidkNZo
Hernando de Soto crossing the Mississippi River 1539-42 Spanish explorer & conquistador by TIMELINE,"Landing in Florida in 1539, the conquistador's expedition pushes through the Southeast and in June 1541 becomes the first Europeans to cross the Mississippi River.",Watch,https://youtu.be/CNRACGW66gQ?t=27
The Cherokees by Virginia Driving Hawk Sneve,"The Cherokee enter written history in 1540, when Hernando de Soto's Spanish expedition marches through their Southern Appalachian homeland.",Read,https://archive.org/details/cherokees00snev/mode/2up
The Coronado Expedition: Coronado National Memorial by Coronado NPS,"From 1540 to 1542 Coronado searches the Southwest for the fabled Seven Cities of Gold. He finds none, but his men become the first Europeans to see the Grand Canyon.",Watch,https://youtu.be/VIQEvtkOeeo
The Hopis by Virginia Driving Hawk Sneve,"The Hopi enter written history in 1540, when Coronado sends Pedro de Tovar to their mesa-top villages, the first Europeans to reach them.",Read,https://archive.org/details/hopis00snev/mode/2up
The Apaches by Virginia Driving Hawk Sneve,"The Apache enter written history in 1541, when Coronado's expedition records the Querechos, bison hunters of the plains later known as Apache.",Read,https://archive.org/details/isbn_9780823412877/mode/2up
"Extraordinary Claims, Extraordinary Evidence: Suya, The Southwest's First European Settlement by Deni Seymour","In 1541 the Coronado expedition builds Suya in southern Arizona, the first European settlement in the American Southwest, ended by a Native uprising.",Watch,https://youtu.be/d5UbXo9bSi0
Scientists Finally Solved The Roanoke Colony Mystery - After 400 Years by First Humans,In 1590 Governor John White returns to Roanoke to find the colony vanished and Croatan carved on a post. Recent digs suggest the settlers assimilated with Native tribes.,Watch,https://youtu.be/cUc3uz9RmCA
Blue Feather's Vision: The Dawn of Colonial America by James E. Knight,An aged Massachuset chief recalls meeting English strangers in 1591 and knowing that his people's encounters with them would bring immense change and difficulty.,Read,https://archive.org/details/bluefeathersvisi00knig/mode/2up
The Acoma Pueblo and Juan de Oñate by MediaEngineers,"In 1598 Juan de Oñate brings the first permanent horse herds to what would become New Mexico. Those settlement horses became a constant target for Native raiders, spreading the horse across the American interior.",Watch,https://youtu.be/FUdGJ9WyvkU
Jamestown: New World Adventure by James E. Knight,Two English children are told the story of their grandfather's experiences as one of the original Jamestown colonists of 1607.,Read,https://archive.org/details/jamestownnewworl00knig/mode/2up
The Iroquois by Virginia Driving Hawk Sneve,"The Haudenosaunee enter written history in 1609, when Samuel de Champlain fights and describes the Confederacy on the lake that now bears his name.",Read,https://archive.org/details/isbn_9780823411634/mode/2up
If You Sailed on the Mayflower by Ann McGovern,Imagine being a Pilgrim child on the Mayflower's 1620 crossing and during the colony's first winter.,Read,https://archive.org/details/ifyousailedon00mcgo
"This Is America, Charlie Brown: The Mayflower Voyagers","The Peanuts gang sails with the Pilgrims aboard the Mayflower in 1620, endures the first hard winter at Plymouth, and shares in the first Thanksgiving with the Wampanoag.",Watch,https://archive.org/details/AmericaCharlieBrown/Mayflower%20Voyagers.mp4
The Navajos by Virginia Driving Hawk Sneve,"The Navajo enter written history in 1626, when the Spanish friar Zárate Salmerón first names the Apaches de Nabajó in his account of New Mexico.",Read,https://archive.org/details/isbn_9780823410392/mode/2up
The Pueblo Revolt by PBS LearningMedia,"In 1680 the Pueblos, united under Popé, drove the Spanish out of New Mexico for twelve years. The horses left behind spread north, igniting the Plains horse culture.",Watch,https://www.pbslearningmedia.org/resource/fyr12.socst.us.const.puebrev/the-pueblo-revolt/
The Cheyennes by Virginia Driving Hawk Sneve,"The Cheyenne enter written history in 1680, first noted as the Chaa when a party of them visits La Salle's Fort Crévecoeur on the Illinois River.",Read,https://archive.org/details/cheyennes00snev/mode/2up
The Sioux by Virginia Driving Hawk Sneve,"In 1683 the Sioux enter written history, when Father Louis Hennepin publishes the first detailed European account of the Dakota after living as their captive.",Read,https://archive.org/details/sioux00snev/mode/2up
Alice Ray and the Salem Witch Trials by Shannon Knudsen,"In 1692, a girl named Alice Ray watches fear and accusation sweep through her Massachusetts village during the Salem witch trials.",Read,https://archive.org/details/aliceraysalemwit0000knud/mode/2up
The Comanche and the Horse | Native America | Sacred Stories by PBS,"The mounted warrior is an iconic image, yet no Native American saw a horse until Europeans brought them. The Comanche turned the horse into a powerful ally and honored it as a relative, a gift from the Creator.",Watch,https://youtu.be/MRXXvm-zKTY
"Struggle for a Continent: The French and Indian Wars, 1689-1763 by Betsy and Giulio Maestro","Britain and France battle for North America for decades, ending in the French and Indian War of 1754 to 1763, which drove France from the continent.",Read,https://archive.org/details/struggleforconti0000maes/mode/2up
The Seminoles by Virginia Driving Hawk Sneve,"The Seminole enter written history around 1765, when colonists first apply the name Seminole to the Native peoples gathering in Florida.",Read,https://archive.org/details/seminoles00snev/mode/2up
If You Lived in Williamsburg in Colonial Days by Barbara Brenner,"See how a child lived, played, and worked in Williamsburg in 1770, just before the American Revolution.",Read,https://archive.org/details/ifyoulivedinwill0000unse
Colonial Voices: Hear Them Speak by Kay Winters,"On December 16, 1773, Ethan, a fictional printer's errand boy, races through Boston carrying news of the rebellious meeting that will lead to the Tea Party.",Read,https://archive.org/details/colonialvoiceshe00wint
Joining the Boston Tea Party by Diane Stanley,Time-traveling twins step into Boston in 1773 and take part in the protest now called the Boston Tea Party.,Read,https://archive.org/details/joiningbostontea0000stan
A Picture Book of Paul Revere by David A. Adler,"Follow Revere from his boyhood in a Boston silversmith's family to the midnight ride of April 18, 1775, warning that British troops were advancing.",Read,https://archive.org/details/picturebookofpau00adle/mode/2up
The Journey of the One and Only Declaration of Independence by Judith St. George,"See how this 1776 document survived eight wars and traveled by horse, boat, train, and tank before reaching the National Archives.",Read,https://archive.org/details/journeyofoneonly0000stge
The Story of the Liberty Bell by Natalie Miller,"Cast in 1752 for the Pennsylvania State House, the bell rang through the years of independence, later cracked and fell silent, and was renamed the Liberty Bell by Americans working to end slavery.",Read,https://archive.org/details/isbn_9780516446226/page/n39/mode/2up
"Saving the Liberty Bell by Megan McDonald, illustrated by Marsha Gray Carrington","In 1777, as British troops march on Philadelphia, patriots load the great bell onto a wagon and haul it north to hide it, keeping it from being melted down into cannon.",Read,https://archive.org/details/savinglibertybel00mcdo/mode/2up
The True Story of the American Flag by Amelie von Zumbusch,"In June 1777 Congress votes the flag thirteen stripes and thirteen stars, and the banner grows with the country as each new state adds its star.",Read,https://archive.org/details/truestoryofameri0000zumb/mode/2up
The Battle of the Kegs by Francis Hopkinson,"In January 1778 patriots float gunpowder kegs down the Delaware toward the British fleet, and a signer of the Declaration mocks the panic in a ballad.",Read,https://archive.org/details/battleofkegs0000fran/mode/2up
The Story of the Bonhomme Richard by Norman Richards,"On September 23, 1779, John Paul Jones lashes his sinking flagship to the British Serapis off England's coast and fights on until the enemy strikes.",Read,https://archive.org/details/isbn_0516046020/mode/2up
If You Lived at the Time of the American Revolution by Kay Moore,"Imagine being a child between 1775 and 1783, when families had to choose among the Patriots, the Loyalists, and those trying to remain neutral.",Read,https://archive.org/details/ifyoulivedattime00moor
The Great Seal of the United States by Norman Pearl,"Adopted in June 1782 after six years of committees, the eagle with its olive branch and thirteen arrows becomes the stamp on America's most important papers.",Read,https://archive.org/details/greatsealofunite0000pear/mode/2up
The Bald Eagle by Norman Pearl,"In 1782 Congress sets the bald eagle on the Great Seal, and the fierce fishing bird of American rivers and coasts becomes the nation's living symbol.",Read,https://archive.org/details/baldeagle0000pear/mode/2up
"Shays' Rebellion by Blake Hoena, illustrated by Eduardo Garcia","In the winter of 1786-87, debt-ridden farmers led by veteran Daniel Shays take up arms against the Massachusetts courts, and a closing chapter shows how the revolt pushed the states toward a stronger Constitution.",Read,https://openlibrary.org/works/OL25448667W
Shh! We're Writing the Constitution by Jean Fritz,"See how delegates argued, compromised, and wrote the Constitution in 1787, then worked to get the states to ratify it.",Read,https://archive.org/details/shhwerewritingco0000frit_s1e9
A Picture Book of John Hancock by David A. Adler,See how a boy raised by his merchant uncle became the first man to sign the Declaration of Independence in 1776.,Read,https://openlibrary.org/works/OL121627W
A Picture Book of John and Abigail Adams by David A. Adler,John and Abigail grow from Massachusetts children into partners whose letters tell what the Revolution was like for their family in 1776.,Read,https://openlibrary.org/works/OL15047692W
A Picture Book of Benjamin Franklin by David A. Adler,"Meet a curious Boston boy who became a printer, inventor, and elder statesman at the Constitutional Convention of 1787.",Read,https://archive.org/details/picturebookofben00adle/mode/2up
If You Were There When They Signed the Constitution by Elizabeth Levy,Imagine sitting inside the Constitutional Convention of 1787 as the delegates argue over how the new government should work.,Read,https://archive.org/details/ifyouweretherewh00levy
"This Is America, Charlie Brown: The Birth of the Constitution","Charlie Brown and the gang look in on the Constitutional Convention of 1787 in Philadelphia, where the delegates argue, compromise, and frame the Constitution.",Watch,https://archive.org/details/AmericaCharlieBrown/Birth%20of%20the%20Constitution.mp4
"A More Perfect Union: The Story of Our Constitution by Betsy Maestro, illustrated by Giulio Maestro","In 1787-88 the new Constitution goes to the states one by one for approval, and supporters like Hamilton and Madison press the case until the ninth state, then wary Virginia and New York, ratify the union.",Read,https://archive.org/details/moreperfectunion00maes/mode/2up
A Picture Book of George Washington by David A. Adler,Follow a Virginia boy who became commander of the Continental Army and took office as the first president in 1789.,Read,https://archive.org/details/picturebookofgeo00adle/mode/2up
"This Is America, Charlie Brown: The Smithsonian and the Presidency","A tour of the Smithsonian and the story of the American presidency, from George Washington through the modern era.",Watch,https://archive.org/details/AmericaCharlieBrown/Smithsonian%20and%20the%20Presidency.mp4
"The Bill of Rights by Norman Pearl, illustrated by Matthew Skeens","Ratified in 1791, the first ten amendments set down the freedoms the states had demanded as the price of the Constitution, from speech and religion to a fair trial and the right to bear arms.",Read,https://archive.org/details/billofrights0000pear/mode/2up
Alexander Hamilton and the Establishment of a National Bank by PBS American Experience,"Watch how Alexander Hamilton won out over Thomas Jefferson and James Madison to establish the First Bank of the United States in 1791, the cornerstone of the new nation's financial system.",Watch,https://www.pbs.org/wgbh/americanexperience/features/hamilton-battle-over-establishment-national-bank/
An American Plague: The True and Terrifying Story of the Yellow Fever Epidemic of 1793 by Jim Murphy,"In August 1793 a fever empties Philadelphia, then the nation's capital, while Black volunteers nurse the sick and the government flees with everyone else.",Read,https://archive.org/details/americanplague00jimm/mode/2up
The Whiskey Rebellion: An Early Challenge to America's New Government by Katy Schiel,"In 1794 western Pennsylvania farmers took up arms against a federal tax on whiskey, and Washington rode out at the head of the militia, proving the young government could enforce its own laws.",Read,https://archive.org/details/whiskeyrebellion0000schi/mode/2up
Samuel Slater's Mill and the Industrial Revolution by Christopher Simonds,"A biography of Samuel Slater, the English mill worker who memorized Britain's guarded spinning-machine designs, sailed to America in 1789 defying laws that barred textile workers from emigrating, and by 1793 built the nation's first water-powered cotton mill.",Read,https://archive.org/details/samuelslatersmil0000simo/page/20/mode/2up
Mill Times: David Macaulay's PBS History Special (2001),"David Macaulay's animated and live-action special traces the textile Industrial Revolution from Manchester, England to Lowell, Massachusetts, set in a small New England mill town like the Pawtucket where Slater built America's first mill.",Watch,https://youtu.be/KLpohzAubZs
A Picture Book of Thomas Jefferson by David A. Adler,Follow a Virginia boy who became the writer of the Declaration of Independence and doubled the country's size with the Louisiana Purchase in 1803.,Read,https://archive.org/details/picturebookoftho0000adle/mode/2up
Thomas Jefferson vs. John Adams: Founding Fathers and Political Rivals by Ellis Roxburgh,"In 1800 the young republic handed power from one party to the other for the first time without a shot fired. The vicious campaign ended the long friendship between Adams and Jefferson, and a tie with Burr threw the choice to the House, which needed 36 ballots to make Jefferson president.",Read,https://archive.org/details/thomasjeffersonv0000roxb/mode/2up
"The House That George Built by Suzanne Slade, illustrated by Rebecca Bond","Begun in 1792 with Washington choosing the site and checking on every digger, sawyer and bricklayer, the President's House took eight years to rise; John Adams moved into the still-unfinished mansion in November 1800, and George himself never lived there.",Read,https://archive.org/details/housethatgeorgeb0000slad/mode/2up
"The Story of the Capitol by Marilyn Prolman, illustrated by Robert O'Malley","A design contest in 1792 chose the plan, and Congress first met in the unfinished building in 1800. British troops burned it in 1814, and it was rebuilt and finally crowned with its great iron dome during the Civil War.",Read,https://archive.org/details/storyofcapitol00prol/mode/2up
The Fidler Map | Calgary's Story by Calgary Public Library,"In 1801 the Blackfoot chief Ac ko mok ki draws the first recorded map of Blackfoot territory, named for Peter Fidler, the trader who transcribed it.",Watch,https://youtu.be/Mk8DsuE2sWo
"The 12th Amendment Explained by Civics, minus the headache","Ratified in 1804, the 12th Amendment fixed the flaw the 1800 tie had exposed, giving electors separate ballots for president and vice president so the two offices could no longer deadlock.",Watch,https://youtu.be/sRfW1hOSDFA
Aaron and Alexander: The Most Famous Duel in American History by Don Brown,"On July 11, 1804, Vice President Aaron Burr and former Treasury Secretary Alexander Hamilton row across the Hudson to Weehawken, New Jersey to settle years of rivalry with pistols, and Hamilton falls, mortally wounded.",Read,https://openlibrary.org/works/OL17725157W
A Picture Book of Sacagawea by David A. Adler,Travel with a Shoshone teenager who carried her baby and helped Lewis and Clark cross the West from 1804 to 1806.,Read,https://archive.org/details/picturebookofsac00adle/mode/2up
A Picture Book of Lewis and Clark by David A. Adler,See how two boys grew up to lead the Corps of Discovery across the continent from 1804 to 1806.,Read,https://archive.org/details/picturebookoflew00adle/mode/2up
The Nez Perce by Virginia Driving Hawk Sneve,"The Nez Perce enter written history in 1805, when Lewis and Clark, starving out of the Bitterroots, are met and fed by them on the Clearwater.",Read,https://archive.org/details/nezperce00snev/mode/2up
Lives and Times: Robert Fulton by Jennifer Blizin Gillis,"Introduces the life of Robert Fulton, including his invention of a safe and quick steamboat.",Read,https://archive.org/details/robertfulton0000gill/mode/2up
A Picture Book of Dolley and James Madison by David A. Adler,"See how James and Dolley grew up to become president and first lady, then fled Washington when British troops arrived in 1814.",Read,https://archive.org/details/picturebookofdol0000adle/mode/2up
Who Is Uncle Sam? by Taffy Jones,"Legend says soldiers in the War of 1812 saw the U.S. stamped on Sam Wilson's barrels of army beef and joked it stood for their Troy meatpacker, Uncle Sam. The nickname stuck to the whole federal government, and cartoonists later gave him his stars, stripes and beard.",Read,https://archive.org/details/whoisunclesam0000jone/mode/2up
Dolley Madison Saves George Washington by Don Brown,"On August 24, 1814, British troops marched into Washington and burned the President's House. Dolley Madison refused to flee until the portrait of George Washington was cut free and carried to safety, and the rebuilt mansion did not reopen until 1817.",Read,https://archive.org/details/dolleymadisonsav00brow/mode/2up
"By the Dawn's Early Light: The Story of the Star-Spangled Banner by Steven Kroll, illustrated by Dan Andreasen","Held aboard a British truce ship in September 1814 while negotiating a friend's release, lawyer Francis Scott Key watched the 25-hour bombardment of Fort McHenry and, when the flag still flew at dawn, wrote the verses on the back of a letter. Congress finally made his song the national anthem in 1931.",Read,https://archive.org/details/bydawnsearlyligh00krol/mode/2up
How Native American Reservations Actually Work by Versed,"In Johnson v. M'Intosh (1823) the Supreme Court ruled that discovery gave the United States ultimate title to all Native land, leaving tribes only a right of occupancy that the government could take away. That doctrine still underlies federal Indian law and the reservation system today.",Watch,https://youtu.be/MQOog5asE2c
Sequoya by Ruby Lorraine Radford,"A Cherokee silversmith who could not read any language spent a dozen years inventing a writing system for his own. He finished his syllabary of 86 characters in 1821, the Cherokee Nation formally adopted it in 1825, and within a few years most of the nation could read and write Cherokee.",Read,https://archive.org/details/sequoya0000radf/mode/2up
The Tariff of Abominations! by Mr Bacalles,"In 1828 Congress pushed duties on imported goods to nearly 50 percent, protecting Northern factories while raising prices across the agricultural South. Furious South Carolinians called it the Tariff of Abominations and claimed a state could nullify federal law, an early rehearsal of the argument that ended in secession.",Watch,https://youtu.be/UP_jhNCH8RQ
The Stourbridge Lion: America's First Locomotive by Karl R. Zimmermann,"The English-built steam locomotive that in 1829 became the first to run on rails in America, at Honesdale, Pennsylvania. Too heavy for its wooden track, it ran only a few times, but it opened the age of American railroading.",Read,https://archive.org/details/stourbridgeliona0000zimm
A Picture Book of Davy Crockett by David A. Adler,"Follow a Tennessee frontier boy who became a hunter, congressman, and defender of the Alamo in 1836.",Read,https://archive.org/details/picturebookofdav00adle/mode/2up
"This Is America, Charlie Brown: The Music and Heroes of America","A romp through American folk heroes and the songs of the country, from tall-tale legends to the music that carried the nation's story.",Watch,https://archive.org/details/AmericaCharlieBrown/Music%20and%20Heroes%20of%20America.mp4
Susanna of the Alamo: A True Story by John Jakes,"When the Alamo falls in 1836, Santa Anna frees Susanna Dickinson and her baby and sends her to Sam Houston with a warning. Her account instead fires Texan resolve.",Read,https://archive.org/details/isbn_0153329769/mode/2up
A Picture Book of Sam Houston by David A. Adler,Follow a restless Tennessee teenager who lived with the Cherokee and later led Texas to independence in 1836.,Read,https://openlibrary.org/works/OL15920847W
The Story of the Lone Star Republic by Conrad Stein,"For nine years, from 1836 to 1845, the Republic of Texas existed as an independent nation, before it joined the United States as a state.",Read,https://archive.org/details/storyoflonestarr0000conr/page/24/mode/2up
History Brief: Indian Removal by Reading Through History,"The Indian Removal Act of 1830 pushed some 60,000 people of the Cherokee, Choctaw, Chickasaw, Creek and Seminole nations off their southeastern homelands. On the Cherokee march of 1838 alone, about 4,000 of 16,000 people died on the way to Oklahoma.",Watch,https://youtu.be/T8Hd42J-tzs
Farmland Innovator: A Story About Cyrus McCormick by Catherine A. Welch,"The story of how Cyrus McCormick took up the horse-drawn reaper his father had struggled for years to perfect, made it work, and by 1840 was selling the machine that would transform the American harvest.",Read,https://archive.org/details/farmlandinnovato0000welc
Roughing It on the Oregon Trail by Diane Stanley,Time-traveling twins join a wagon train in 1843 and learn what children faced on the Oregon Trail.,Read,https://archive.org/details/roughingitonoreg0000stan
Clara Morgan and the Oregon Trail Journey by Marty Rhodes Figley,"A girl named Clara Morgan and her family endure the long, hard wagon journey west along the Oregon Trail in the 1840s.",Read,https://archive.org/details/claramorganorego0000figl/mode/2up
Texas Revolution to Mexican Cession by Mr. Patriot,"The Mexican-American War ends in 1848 with the Mexican Cession, when Mexico gives up the Southwest, from Texas to California, to the United States.",Watch,https://youtu.be/lic3tZw1iWc
California Gold Rush: Search for Treasure by Catherine E. Chambers,"In California in 1848, two brothers helping to build a sawmill for John Sutter witness the discovery of gold and decide to stake out a claim for themselves.",Read,https://archive.org/details/californiagoldru0000cham/page/16/mode/2up
Gold Fever!: Tales from the California Gold Rush by Rosalyn Schanzer,"Lighthearted illustrations and firsthand excerpts from letters, journals, and newspaper articles tell the story of the California Gold Rush of 1848.",Read,https://archive.org/details/goldfevertalesfr0000unse/mode/2up
Seneca Falls Convention of 1848 by Daily Dose Documentary,"In July 1848 some 300 reformers met in a New York chapel, where Elizabeth Cady Stanton's Declaration of Sentiments first demanded women's right to vote.",Watch,https://youtu.be/jqk8z3yAwiE
The Night the Stars Fell by Sally Crum,A book of verse on the great Leonid meteor storm of November 1833. Plains peoples marked that night in their winter counts as the year the stars fell.,Read,https://archive.org/details/nightstarsfell0000crum/mode/2up
Winter Count by US National Archives,"From about 1700 into the late 1800s, Dakota and Lakota keepers marked each year on a buffalo hide with one picture, a winter count. The 1833 Leonid meteor storm appears in nearly all of them.",Watch,https://youtu.be/_FyKslOSVAA
The Tuttle Twins Learn About the Law by Connor Boyack,"In June 1850 the French economist Frederic Bastiat published The Law, asking when law protects property and when it plunders it. The twins investigate.",Read,https://openlibrary.org/works/OL23536976W
The Tuttle Twins and the Case of the Broken Window by Connor Boyack,"From an 1850 Bastiat essay: a smashed window seems to make work, but what the repair money would have bought is lost. The twins crack the seen and unseen.",Read,https://openlibrary.org/works/OL36991345W
Oil Creek & Titusville Railroad: A Journey Through the Valley That Changed the World by Gary Joseph,"The narration played aboard the Oil Creek and Titusville Railroad, telling how the world's first oil well was drilled in the valley near Titusville, Pennsylvania in 1859 and how that discovery changed the world.",Listen,https://archive.org/details/A-Journey-Through-The-Valley-That-Changed-The-World/1+-+Southbound.mp3
Pony Express! by Steven Kroll,"The dramatic eighteen-month run of the Pony Express, whose relay of daring young horseback riders carried the mail nearly 2,000 miles from Missouri to California in about ten days, starting with the first ride in April 1860.",Read,https://archive.org/details/ponyexpress00krol/page/8/mode/2up
A Picture Book of Abraham Lincoln by David A. Adler,Follow a poor frontier boy who taught himself to read and became the president who issued the Emancipation Proclamation in 1863.,Read,https://archive.org/details/picturebookofabr00adle/mode/2up
The True Origin of the American Civil War: What Historians Get Wrong by Markets of the Past,"The war's causes ran back decades before Fort Sumter: an economy in which four million enslaved people were the country's single most valuable financial asset, and a North and South racing to control the western territories. The states-rights myth collapses in the seceding states' own declarations, which name slavery as the cause again and again.",Watch,https://youtu.be/p1FWjMlYuf4
The American Civil War Explained in 24 Minutes by Agent Flappy,"Between 1861 and 1865 eleven Southern states seceded to preserve slavery, and the war to bring them back killed more Americans than every other U.S. war combined, roughly 750,000. It ended slavery, saved the Union and cost Lincoln his life five days after the surrender.",Watch,https://youtu.be/7HjhZ1aWGlk
A Picture Book of Robert E. Lee by David A. Adler,Follow a Virginia boy from a military family who grew up to command the Confederate Army from 1862 to 1865.,Read,https://archive.org/details/picturebookofrob00adle/mode/2up
How the 13th amendment accidentally kept slavery alive. Amendment 13 explained! by Civics Review,"Ratified December 6, 1865, the 13th Amendment ends slavery in the United States, but its exception for those convicted of crimes leaves a loophole with lasting consequences.",Watch,https://youtu.be/AUyOjmqWI6w
"Reconstruction: The Good, the Bad and the Ugly by PragerU (Allen Guelzo)","From 1865 to 1877 Reconstruction began with real promise: Black men voted, held office and served in Congress. It ended as a great missed opportunity, undone by presidential weakness, Klan terror and Northern retreat, and the rights promised by the 14th and 15th Amendments went largely unenforced for nearly a century.",Watch,https://youtu.be/icOFEc5uVts
What Happened to Confederates After the Civil War? | Animated History by The Armchair Historian,"From 1865 to 1877 the nation tried to rebuild the South and define freedom for four million freed people. The 14th Amendment (1868) granted citizenship and equal protection, the 15th (1870) the vote regardless of race, and the defeated Confederates had to decide whether to accept the new order or resist it.",Watch,https://youtu.be/S66Bs8ixvdQ
"This Is America, Charlie Brown: The Building of the Transcontinental Railroad","Charlie Brown gives a presentation on how the Central Pacific built eastward from California while the Union Pacific built westward from the Missouri River, until the two lines met at Promontory Summit, Utah on May 10, 1869.",Watch,https://youtu.be/gvXfEpTWWNY?t=61
Benjamin Brown and the Great Steamboat Race by Shirley Jordan,"In 1870, a boy named Benjamin Brown witnesses the famous Mississippi River race between the steamboats Natchez and Robert E. Lee as they speed from New Orleans to St. Louis.",Read,https://archive.org/details/benjaminbrowngre0000jord/mode/2up
Yellowstone Moran: Painting the American West by Lita Judge,"Thomas Moran's grand paintings of Yellowstone help persuade Congress, and on March 1, 1872 President Grant makes it America's first national park.",Read,https://archive.org/details/yellowstonemoran0000judg/page/n35/mode/2up
"Heart on Fire: Susan B. Anthony Votes for President by Ann Malaspina, illustrated by Steve James","In November 1872 Susan B. Anthony registered and cast a ballot in Rochester, New York, and was arrested for it. At her 1873 federal trial the judge ordered the jury to find her guilty, and she told the court she would never pay a dollar of its unjust penalty. She never did.",Read,https://archive.org/details/heartonfiresusan0000mala/mode/2up
A Picture Book of Sitting Bull by David A. Adler,Follow a Lakota boy who earned his adult name through bravery and became a leader during the Battle of the Little Bighorn in 1876.,Read,https://archive.org/details/picturebookofsit00adle/mode/2up
Words Along Wires: The Story of Alexander Graham Bell by Peter Hepplewhite,"Told through the eyes of one of his students, the story of how Alexander Graham Bell taught, invented the telephone with his assistant Thomas Watson, and founded the Bell Telephone Company in 1877.",Read,https://archive.org/details/wordsalongwiress0000hepp/mode/2up
"This Is America, Charlie Brown: The Great Inventors","Snoopy and the gang meet America's great inventors, from Eli Whitney and Samuel Morse to Alexander Graham Bell and Thomas Edison, and see how their inventions changed the country.",Watch,https://archive.org/details/AmericaCharlieBrown/Great%20Inventors.mp4
A Picture Book of Thomas Alva Edison by David A. Adler,Meet a curious boy who built experiments at home and later tested thousands of materials before producing a practical electric light in 1879.,Read,https://archive.org/details/picturebookoftho00adle/mode/2up
"Oil, Steel, and Railroads: America's Big Businesses in the Late 1800s by Jesse Jarnow","A survey of America's three giant late-1800s industries: oil, organized under Rockefeller's Standard Oil in 1870; steel, poured at Carnegie's first mill in 1875; and railroads, joined coast to coast in 1869.",Read,https://archive.org/details/oilsteelrailroad0000jarn/page/n3/mode/2up
"The Statue of Liberty by Mary Firestone, illustrated by Matthew Skeens","In 1886 France's gift is unveiled in New York Harbor, and the copper woman lifting her torch becomes the first sight of America for the millions of immigrants whose ships pass her on the way to Ellis Island.",Read,https://archive.org/details/statueofliberty0000fire/mode/2up
"I Pledge Allegiance by June Swanson, illustrated by Rick Hanson","Written in 1892 by minister Francis Bellamy for a magazine campaign to put a flag in every schoolhouse, the pledge has been revised ever since: the flag got named in the 1920s, the stiff-armed salute became hand-over-heart in 1942 because it looked like the fascist salute, and Congress added under God in 1954.",Read,https://archive.org/details/ipledgeallegianc0000swan/mode/2up
Andrew Carnegie: Builder of Libraries by Charnan Simon,"The story of how Andrew Carnegie used his steel fortune to build free public libraries in Pittsburgh and many other places, aiming to improve community life.",Read,https://archive.org/details/isbn_9780613510615/mode/2up
The Inventor's Secret: What Thomas Edison Told Henry Ford by Suzanne Slade,"In 1896 a discouraged Henry Ford meets his hero Thomas Edison, whose burst of encouragement pushes him to keep building his car. The two become lifelong friends.",Read,https://archive.org/details/inventorssecretw0000slad/mode/2up
Spanish-American War | 3 Minute History by Jabzy,"In 1898 the United States defeats Spain in a swift war, freeing Cuba and taking Puerto Rico, Guam, and the Philippines, and stepping onto the world stage as a power.",Watch,https://youtu.be/SmamZOAAJ0M
"This Is America, Charlie Brown: The Wright Brothers","Charlie Brown and Linus travel to Kitty Hawk, North Carolina in 1903 and watch as Orville and Wilbur Wright make the first powered airplane flight, while the rest of the Peanuts gang helps ready the aircraft.",Watch,https://archive.org/details/AmericaCharlieBrown/Wright%20Brothers%20at%20Kitty%20Hawk.mp4
Johnny Moore and the Wright Brothers' Flying Machine by Walter A. Schulz,"A young local boy named Johnny Moore, one of only a handful of witnesses on the beach at Kitty Hawk, watches Orville and Wilbur Wright make the first powered airplane flight in December 1903.",Read,https://archive.org/details/johnnymoorewrigh0000schu/mode/2up
The Story of the FBI by Jim Hargrove,"On July 26, 1908, Attorney General Charles Bonaparte hires a small squad of detectives, named the Bureau of Investigation a year later and now the 35,000-strong FBI.",Read,https://archive.org/details/storyoffbi0000harg/mode/2up
Henry Ford by Peter Kent,"Follow a Michigan farm boy through his life to 1908, when he produced the Model T and met his goal of making a car that was affordable, reliable, and easy to drive.",Read,https://archive.org/details/henryford0000kent/page/30/mode/2up
"Paper Son: Lee's Journey to America by Helen Foster James and Virginia Shin-Mui Loh, illustrated by Wilson Ong","From 1910 to 1940 the Angel Island station in San Francisco Bay enforced the Chinese Exclusion Act, detaining arrivals in locked barracks for weeks or months. Twelve-year-old Lee crosses the Pacific in 1926 as a paper son, carrying a memorized false family history that one wrong answer could unravel.",Read,https://archive.org/details/papersonleesjour0000jame
The Creature from Jekyll Island | The True Story of the Federal Reserve by GoldSilver,In November 1910 six men slipped away to a private Georgia island resort and secretly drafted the banking plan that became the Federal Reserve in 1913.,Watch,https://youtu.be/k2IoO5t6FFA
The Tuttle Twins and the Creature from Jekyll Island by Connor Boyack,The kid-level version of the 1910 Jekyll Island story: a hidden creature quietly shrinks Grandma and Grandpa's savings as the twins learn how money loses value.,Read,https://archive.org/details/tuttletwinscreat0000boya/mode/2up
Progressive Era Amendments: 16th 17th 18th 19th by RamageTeach,"Ratified February 3, 1913, the income tax opened a wave of Progressive amendments: senators by direct election, Prohibition and votes for women followed.",Watch,https://youtu.be/GRZh5LsIRc8
America's Biggest Scam: The Federal Reserve by Learn Liberty,"Signed December 23, 1913, the Federal Reserve Act created a central bank with power over the nation's money and credit, fulfilling the Jekyll Island plan.",Watch,https://youtu.be/ezhNS0n2114?t=96
The Attack on the Lusitania by Rupert Matthews,"On May 7, 1915 a German U-boat torpedoes the British liner Lusitania, killing nearly 1,200 people, including Americans, and pushing the US toward war.",Read,https://archive.org/details/attackonlusitani0000matt/page/n3/mode/2up
Mountain Chef by Annette Bay Pimentel,"The Chinese American trail cook Tie Sing dazzles the 1915 expedition that built support for the National Park Service, created by Congress on August 25, 1916.",Read,https://archive.org/details/mountainchefhowo0000pime/mode/2up
Around America to Win the Vote by Mara Rockliff,"In April 1916 suffragists Nell Richardson and Alice Burke set out from New York in a little yellow car, with a kitten, to drive 10,000 miles for the vote.",Read,https://archive.org/details/aroundamericatow0000rock_u5n8/mode/2up
How WWI Changed America: America Goes to War by National WWI Museum and Memorial,"In 1917 the United States enters World War I, sending millions of soldiers to Europe and helping tip the long stalemate toward Allied victory.",Watch,https://youtu.be/GyEqUvij4Bo
Miss Paul and the President by Dean Robbins,"In 1918, after years of Alice Paul's parades and White House pickets, President Wilson tells the Senate that votes for women are vital to winning the war.",Read,https://archive.org/details/misspaulpresiden0000robb/mode/2up
What Happened When the United States Banned Alcohol by TED-Ed (Rod Phillips),"In 1920 the 18th Amendment banned the making and selling of alcohol nationwide. The ban fed bootleggers and gangsters instead of ending drinking, and in 1933 the 21st Amendment repealed it, the only amendment ever passed to undo another.",Watch,https://youtu.be/y4BDnlUQ3CA
The 19th Amendment by Michael Burgan,"In August 1920 Tennessee's ratification made the 19th Amendment law, and after seventy years of marches, petitions and arrests American women could vote.",Read,https://archive.org/details/19thamendment0000burg/mode/2up
The Story of the Lincoln Memorial by Natalie Miller,"Dedicated on May 30, 1922, the marble temple to Lincoln became a national gathering place, where Marian Anderson sang in 1939 and Dr. King spoke in 1963.",Read,https://archive.org/details/storyoflincolnme0000unse/mode/2up
The Roaring Twenties Explained in 11 minutes by Captivating History,"Through the 1920s a booming economy brought cars, radios, jazz and the movies into everyday American life, a decade of new money and new freedoms.",Watch,https://youtu.be/Tp_t94bmJak
Jazz Age Josephine by Jonah Winter,"In 1925 Josephine Baker, a poor kid from St. Louis who danced her way onto Broadway, sails for Paris and becomes the jazz age's brightest star.",Read,https://archive.org/details/jazzagejosephine0000wint/mode/2up
America's Champion Swimmer: Gertrude Ederle by David A. Adler,"On August 6, 1926 nineteen-year-old Gertrude Ederle becomes the first woman to swim the English Channel, beating the men's record by nearly two hours.",Read,https://archive.org/details/americaschampion0000adle/mode/2up
Flight: The Journey of Charles Lindbergh by Robert Burleigh,"On May 20, 1927 Charles Lindbergh lifts off from New York alone in the Spirit of St. Louis and lands in Paris 33 sleepless hours later, the first solo crossing.",Read,https://archive.org/details/flightjourneyofc00burl/mode/2up
Duke Ellington: The Piano Prince and His Orchestra by Andrea Davis Pinkney,"By 1927 Duke Ellington's orchestra rules Harlem's Cotton Club, and the radio carries his swinging compositions into living rooms across America.",Read,https://archive.org/details/dukeellington00andr/mode/2up
The Great Depression Explained Like You’re 5 by Crayon Capital,"In October 1929 the stock market collapsed, wiping out fortunes and savings overnight and tipping the country into the Great Depression, a decade of hardship.",Watch,https://youtu.be/LuEcoqizj0o
The Great Depression Explained in One Minute by One Minute Economics,"From 1929 to 1933 some 9,000 American banks failed, families lost their savings, and the money supply shrank by a third, deepening the slump for a decade.",Watch,https://youtu.be/Sv7IP2qL0gg
POV: Your Life During The Great Depression by The Financial Archives,"By 1932 one in four American workers had no job. Families stretched soup thin, patched clothes, stood in bread lines and moved in together to survive.",Watch,https://youtu.be/Sp-qBrJ2iAA
Potato: A Tale from the Great Depression by Kate Lied,"In the early 1930s, with Dad's job and the bank both gone, a family drives to Idaho to pick potatoes and trades spuds for what they need. A true family story.",Read,https://archive.org/details/potatotalefromgr0000lied/mode/2up
Uncle Jed's Barbershop by Margaree King Mitchell,"Through the early 1930s a Black barber in the segregated South saves for a shop of his own, loses it all in a bank failure, and starts over. At 79 he opens it.",Read,https://archive.org/details/unclejedsbarbers00mitc/mode/2up
The Babe & I by David A. Adler,"In the summer of 1932 a boy discovers his father has secretly lost his job, so he sells newspapers, and one day sells one to Babe Ruth himself.",Read,https://archive.org/details/babei0000adle/mode/2up
Finding Daddy: A Story of the Great Depression by Jo Harper,"In the mid-1930s Bonnie's father loses his job and vanishes in shame, so she sets out across the hard countryside to find him and bring him home.",Read,https://archive.org/details/isbn_9781890515317/mode/2up
Angels in the Dust by Margot Theis Raven,"Through the 1930s black blizzards buried the southern Plains. On one Oklahoma wheat farm, young Annie's family fights drought, dust and sickness to hold on.",Read,https://archive.org/details/angelsindust00rave/mode/2up
What Did We Learn From the Dust Bowl by Ken Burns,"Survivors of the 1930s black blizzards recall the storms and the lesson learned: tearing up the grassland invited disaster, and the land needs tending.",Watch,https://youtu.be/MaxxOt-aVng
History Brief: The New Deal by Reading Through History,"From 1933 to 1939 Franklin Roosevelt answered the Depression with an alphabet of new federal agencies and programs, permanently growing Washington's reach.",Watch,https://youtu.be/0rjtOWn5mj0
The New Deal made Things Worse... Much Worse | Politically Incorrect Guide to the Great Depression by Capital Research Center,"Through the 1930s, this argument runs, New Deal price-fixing, cartels and taxes kept unemployment high and stretched the Depression out a full decade.",Watch,https://youtu.be/Li7gn71tH8Q
Leah's Pony by Elizabeth Friedrich,"In the mid-1930s the bank auctions the family farm, so Leah sells her beloved pony to bid one dollar on Papa's tractor, and the neighbors follow her lead.",Read,https://archive.org/details/leahspony0000frie/mode/2up
The Gardener by Sarah Stewart,"Through 1935 and 1936 Lydia Grace, sent from the farm to her dour uncle's city bakery, writes letters home and grows a secret rooftop garden to make him smile.",Read,https://archive.org/details/gardener00stew/mode/2up
"Pearl Harbor Warriors: The Bugler, the Pilot, the Friendship by Dorinda Nicholson","On December 7, 1941 Japan attacks Pearl Harbor, bringing the US into World War II. Years later an American bugler and one of the Japanese pilots become friends.",Read,https://archive.org/details/pearlharborwarri0000nich/page/n19/mode/2up
The Usborne Introduction to the Second World War by Paul Dowswell,World War II rages from 1939 to 1945. After Pearl Harbor in 1941 the United States joins the Allies and helps defeat Nazi Germany and Imperial Japan.,Read,https://archive.org/details/usborneintroduct0000dows/page/12/mode/2up
The Tuttle Twins and the Road to Surfdom by Connor Boyack,"In 1944, as planned economies rose, F.A. Hayek warned in The Road to Serfdom where central planning leads. The twins watch good intentions pave Surfdom's road.",Read,https://archive.org/details/tuttletwinsroadt0000boya/mode/2up
The Secret Project by Jonah Winter,"In secret at Los Alamos, American scientists build the atomic bomb, first exploded in the New Mexico desert on July 16, 1945, opening the atomic age.",Read,https://archive.org/details/secretproject0000wint/mode/2up
My Hiroshima by Junko Morimoto,"On August 6, 1945 an atomic bomb levels Hiroshima. A survivor, a girl in the city that day, remembers the flash, the ruin, and the loss.",Read,https://archive.org/details/myhiroshima0000mori/mode/2up
A Bowl Full of Peace: A True Story by Caren Stelson,"On August 9, 1945 an atomic bomb destroys Nagasaki. A young survivor, Sachiko, keeps a family bowl that lived through the blast as a vessel of peace.",Read,https://openlibrary.org/works/OL20756117W
The Tuttle Twins and the Food Truck Fiasco by Connor Boyack,In 1946 Henry Hazlitt boiled economics down to one lesson: look past a policy's first effects. The twins learn it saving a food truck from price controls.,Read,https://openlibrary.org/works/OL28603898W
The CIA by John Hamilton,"In June 1942, the wartime Office of Strategic Services is founded; the National Security Act of 1947 remakes it as the Central Intelligence Agency.",Read,https://archive.org/details/cia0000hami/mode/2up
Mercedes and the Chocolate Pilot by Margot Theis Raven,"In 1948, Stalin blockades West Berlin. American planes fly in food and coal, and one pilot, the 'Candy Bomber,' parachutes candy to the city's hungry children.",Read,https://archive.org/details/mercedeschocolat0000rave/mode/2up
The Tuttle Twins and the Messed Up Market by Connor Boyack,"In 1949 Ludwig von Mises published Human Action, on how prices and interest steer free people. The twins learn it the hard way in a market of their own.",Read,https://openlibrary.org/works/OL28603926W
An experiment in Arco Idaho that changed the world forever by East Idaho News,"On December 20, 1951 in the Idaho desert, EBR-I lights four bulbs, the first electricity ever made from atomic energy, turning the atom to peaceful use.",Watch,https://youtu.be/i77nK0MEHHI
Why Did America Fight the Korean War? | 5 Minute Video by PragerU,"In 1950 communist North Korea invades the South, and America leads a UN force to hold the line, a war that ends in stalemate at the border where it began.",Watch,https://youtu.be/t44SbOyjEUM
Peacebound Trains by Haemi Balgassi,"In January 1951, as Seoul falls again in the Korean War, a grandmother and her children flee south on the roof of a crowded train through the freezing winter.",Read,https://archive.org/details/peaceboundtrains00balg_0/mode/2up
1950s Television: What You Didn't Know About the Golden Age of TV! by History Of Life,"On January 19, 1953 some 44 million Americans watch Little Ricky born on I Love Lucy, more than any TV event before it, the peak of television's Golden Age.",Watch,https://youtu.be/wDOrsDo2Swk
The Tuttle Twins and the Search for Atlas by Connor Boyack,In October 1957 Ayn Rand's Atlas Shrugged asked what happens when producers stop producing. The twins search for who really carries the world's work.,Read,https://archive.org/details/tuttletwinssearc0000conn/mode/2up
The Tuttle Twins and the Miraculous Pencil by Connor Boyack,"In December 1958 Leonard Read's essay I, Pencil showed that no single person can make even a pencil. The twins trace the invisible teamwork of free trade.",Read,https://openlibrary.org/works/OL24363515W
A Picture Book of Dwight David Eisenhower by David A. Adler,"Follow a Kansas boy who grew up to command the Allied invasion of Normandy on June 6, 1944, and later became president.",Read,https://archive.org/details/dwightdavideisen00adle/mode/2up
Guided Missiles by Alix Wood,"By 1959, America's first long-range missiles could deliver a nuclear warhead to another continent in half an hour, the new backbone of the Cold War arms race.",Read,https://archive.org/details/guidedmissiles0000wood/mode/2up
Freedom on the Menu: The Greensboro Sit-Ins by Carole Boston Weatherford,"In February 1960 Black students begin peaceful sit-ins at a segregated Greensboro lunch counter, and on July 25 the Woolworth's finally serves them.",Read,https://archive.org/details/freedomonmenugre0000weat/mode/2up
The Sit-In Movement by Voices of the Civil Rights Movement,By 1960 the sit-in movement has spread to lunch counters across the South. On October 19 Martin Luther King Jr. is arrested at an Atlanta sit-in.,Watch,https://youtu.be/IcWxu5eFhXg
A Picture Book of John F. Kennedy by David A. Adler,"Sworn in on January 20, 1961, John F. Kennedy leads the nation through the Cold War and the push for civil rights until he is assassinated in Dallas on November 22, 1963.",Read,https://archive.org/details/picturebookofjoh0000adle/mode/2up
The Cuban Missile Crisis by Susan Clinton,"In October 1962, American spy planes spot Soviet nuclear missiles in Cuba; for thirteen days, Kennedy and Khrushchev stand at the brink of nuclear war.",Read,https://archive.org/details/cubanmissilecris0000clin/mode/2up
Did You Know: The Civil Rights Act of 1964 by Encyclopaedia Britannica,"On July 2, 1964 President Lyndon Johnson signs the Civil Rights Act, outlawing segregation in public places and banning job discrimination by race.",Watch,https://youtu.be/SswXlnd1L84
Why Did America Fight the Vietnam War? by PragerU,"From November 1955 to the fall of Saigon on April 30, 1975, America fights to stop communism spreading across Vietnam in its longest, most divisive war.",Watch,https://youtu.be/EunyfX-Zjo4
Nukes: The Spread of Nuclear Weapons by Steve Minneus,"In 1968, dozens of nations sign the Nuclear Non-Proliferation Treaty, promising not to build or share atomic weapons and to keep the nuclear club small.",Read,https://archive.org/details/nukesspreadofnuc0000minn/mode/2up
Moonshot by Brian Floca,"On July 16, 1969, Apollo 11 lifts off from Florida; four days later, on July 20, Neil Armstrong and Buzz Aldrin become the first humans to walk on the Moon.",Read,https://archive.org/details/moonshotflightof0000floc/mode/2up
"This Is America, Charlie Brown: The NASA Space Station","The Peanuts characters join a NASA crew aboard a space station, learning how astronauts live and work in orbit and why America reaches for space.",Watch,https://archive.org/details/AmericaCharlieBrown/NASA%20Space%20Station.mp4
The Watergate Scandal by Dan Elish,"On June 17, 1972, five ex-CIA burglars are caught inside the Democratic headquarters at the Watergate, the break-in that leads to President Nixon's resignation.",Read,https://archive.org/details/watergatescandal0000elis/mode/2up
The Tuttle Twins and the Fate of the Future by Connor Boyack,In 1974 Murray Rothbard's Anatomy of the State asked what government really is beneath the flag. The twins weigh what the state gives against what it takes.,Read,https://openlibrary.org/works/OL26826523W
The Fall of Saigon by Mary Englar,"North Vietnamese forces close in as the war ends; on April 30, 1975, Saigon falls, and Americans and Vietnamese refugees scramble to escape by air.",Read,https://archive.org/details/fallofsaigon0000engl/mode/2up
A Different Pond by Bao Phi,"As Saigon falls on April 30, 1975, a Vietnamese family flees for America and starts over in Minneapolis, where a boy fishes before dawn with a father who still carries the war.",Read,https://archive.org/details/differentpond0000phib/mode/2up
Steve Jobs & Steve Wozniak by Mike Venezia,"In 1976, two young friends build a computer in a California garage and found Apple, turning a room-sized machine into something anyone could own at home.",Read,https://archive.org/details/stevejobsstevewo0000vene/mode/2up
Internet Inventors by Nelson Yomtov,"In 1977, a landmark test links three different computer networks into one, the breakthrough that grows into the worldwide internet.",Read,https://archive.org/details/internetinventor0000yomt/mode/2up
Microsoft by Cath Senker,"On August 12, 1981, IBM sells its first personal computer running MS-DOS, the operating-system deal that makes Bill Gates's Microsoft a software giant.",Read,https://archive.org/details/microsoft0000senk/mode/2up
The Tuttle Twins and the Leviathan Crisis by Connor Boyack,"In 1987 historian Robert Higgs showed in Crisis and Leviathan how each emergency ratchets government bigger, and it never shrinks back. The twins see it live.",Read,https://tuttletwins.com/products/the-tuttle-twins-and-the-leviathan-crisis
The Mistake That Toppled the Berlin Wall by Vox,"On November 9, 1989, a bungled press conference sends East Berliners rushing to the wall; the overwhelmed guards open the gates, and the barrier comes down.",Watch,https://youtu.be/Mn4VDwaV-oo
Tim Berners-Lee by Damian Harvey,"In 1991, a British scientist launches the World Wide Web, the pages-and-links system that turns the internet into something anyone can browse and explore.",Read,https://archive.org/details/historyheroestim0000dami/mode/2up
The Fall of the Soviet Union by Miles Harvey,"On December 26, 1991, the Soviet Union dissolves, ending the decades-long Cold War and the rivalry that had shaped American life since World War II.",Read,https://archive.org/details/fallofsovietunio00harv/mode/2up
The Tuttle Twins and the Education Vacation by Connor Boyack,In 1992 veteran teacher John Taylor Gatto's Dumbing Us Down argued schooling isn't the same as education. The twins take their learning on the road instead.,Read,https://openlibrary.org/works/OL27051730W
The fight to ratify a 200-year-old amendment by Washington Post,"On May 7, 1992 Madison's congressional pay amendment was ratified two centuries late, after student Gregory Watson's C-grade paper sparked a one-man campaign.",Watch,https://youtu.be/KzRhAvCSaHM
Constitution Translated for Kids by Cathy Travis,"With all 27 amendments in place by 1992, the whole Constitution fits in one book: the original 1787 text beside a plain-English translation for kids.",Read,https://archive.org/details/constitutiontran0000trav_i3v5/mode/2up
The United States Constitution: A Graphic Adaptation by Jonathan Hennessey,"The complete Constitution as a graphic novel: the 1787 document and every amendment through the 27th, drawn as the story of how America governs itself.",Read,https://archive.org/details/unitedstatescons00henn
America Is Under Attack by Don Brown,"On September 11, 2001, hijacked planes strike the Twin Towers and the Pentagon; both towers collapse as rescuers race into the ruins to save lives.",Read,https://openlibrary.org/works/OL16484449W
The Race to Sequence the Human Genome by TED-Ed,"By 2003, scientists finish mapping the entire human genome, all 3 billion letters of our DNA, after a fierce public-versus-private contest to get there first.",Watch,https://youtu.be/AhsIF-cmoQQ
The Afghanistan and Iraq Wars by Enzo George,"In 2003, the US invades Iraq over claims Saddam Hussein held banned weapons; the dictator is captured that December, but the weapons are never found.",Read,https://archive.org/details/afghanistaniraqw0000geor/mode/2up
History of Cellphones and How Drastically They've Changed by Insider Tech,"In June 2007, Apple's first iPhone hits stores. Smartphones already existed, but its friendly touchscreen brought one to the mass market and reshaped daily life.",Watch,https://youtu.be/nrdNdprcYls
The 2008 Financial Crisis Explained Like You're 5 by Crayon Capital,"In 2008, risky home loans and a housing crash topple Lehman Brothers and nearly the banking system, triggering the worst downturn since the Great Depression.",Watch,https://youtu.be/KE-WJevx-7c
Bitcoin Explained Like You're 5 by Crayon Capital,"On January 3, 2009, the anonymous Satoshi Nakamoto mines Bitcoin's first block, a digital money with no bank or government, born of distrust after the 2008 crash.",Watch,https://youtu.be/_pUOpoihjA4
Julian Assange - Who Is He and What Did He Do? by The Sydney Morning Herald and The Age,"In 2010, Julian Assange's WikiLeaks publishes hundreds of thousands of secret US war logs and diplomatic cables, sparking a global fight over transparency.",Watch,https://youtu.be/x-A5_HeO5Uo
The Takedown of Osama bin Laden by Natalie Lunis,"On May 2, 2011, US Navy SEALs raid a compound in Pakistan and kill Osama bin Laden, ending the ten-year hunt that had launched America's war in Afghanistan.",Read,https://archive.org/details/takedownofosamab0000luni/mode/2up
Edward Snowden - No Place to Hide | Animated Book Summary by Eudaimonia,"In June 2013, NSA contractor Edward Snowden leaks secret files showing the US government was quietly collecting millions of Americans' phone and internet records.",Watch,https://youtu.be/krq3nDWbraM
The Tuttle Twins and the Golden Rule by Connor Boyack,"A 2017 fable of the oldest rule, treat others as you'd be treated, applied between kids and between nations. At camp the twins watch revenge spiral, then try peace.",Read,https://archive.org/details/tuttletwinsgolde0000conn/mode/2up
The Tuttle Twins and their Spectacular Show Business by Connor Boyack,"In this 2018 entry the twins launch a backyard show and learn what entrepreneurs know: plans, prices, payroll and customers must all line up to earn a profit.",Read,https://openlibrary.org/works/OL20550962W
The Tuttle Twins and the 12 Rules Boot Camp by Connor Boyack,In January 2018 Jordan Peterson's 12 Rules for Life sold millions on order and responsibility. At boot camp the twins learn rules that make freedom work.,Read,https://openlibrary.org/works/OL28898252W
COVID 19 playlist by John Stossel,"From March 2020 to 2024, 27 short Stossel reports track the pandemic: red tape, lockdowns, school closures, mandates and the reckoning that followed.",Watch,https://www.youtube.com/playlist?list=PLFtZbRNUjWfz-OxrFpCJDghJ5ZhucSVRB
Large Language Models explained briefly by 3Blue1Brown,"In November 2022 ChatGPT introduced millions to large language models, AI that learned language from the internet's text. Here is how they actually work.",Watch,https://youtu.be/LPZh9BOjkQs
Tuttle Twins: Bitcoin and the Beast by Angel Studios,"On May 2, 2023, Tuttle Twins' Season 2, Episode 3 becomes the first kids' cartoon to explain Bitcoin in a fun way, weighing it against the dollar at a garage sale.",Watch,https://www.angel.com/watch/tuttle-twins/episode/de46fca9-d387-47f5-b13f-ff336885518c
Starship's Fifth Flight Test by SpaceX,"On October 13, 2024 SpaceX's launch tower caught the returning Super Heavy booster in its arms, a 232-foot rocket plucked from the sky to be flown again.",Watch,https://youtu.be/hI9HQfCAw64
SpaceX Caught a Rocket With 'Chopsticks.' What Will Musk Try Next? by The Wall Street Journal,Catching boosters instead of dumping them in the sea is how launch costs collapse. On the reusability economics behind the October 2024 chopsticks catch.,Watch,https://youtu.be/dQ4UHTf4p74
The Tuttle Twins and the Medals of Merit by Connor Boyack,"In this 2024 story a competition starts rewarding identity over effort, and the twins ask what merit means and why medals must be earned to mean anything.",Read,https://openlibrary.org/works/OL38682884W
Idaho National Laboratory: From the First Usable Nuclear Energy to Advanced Reactors,"Idaho National Laboratory promotes its push to advance nuclear microreactors, carrying America's nuclear work from EBR-I's four bulbs into today's reactors.",Watch,https://youtu.be/3HgszLm5S8o
Nvidia Valar Atomics Collaboration by Valar Atomics,"On July 2, 2026 the startup Valar Atomics uses its reactor to power an NVIDIA AI chip, the first time advanced nuclear energy directly ran artificial intelligence.",Watch,https://youtu.be/qiOAyxQCOz4
Tesla Just Did The Impossible! by The Tesla Space,"In December 2025 a Tesla on FSD drove itself 2,732 miles from Los Angeles to Myrtle Beach with zero interventions, the first fully autonomous coast-to-coast trip.",Watch,https://youtu.be/QzOotC-sMY8
Wait Until You See What Tesla & SpaceX Are Building by Tesla Jigsaw,"In August 2026 Musk previewed Terafab, a planned 100 million square foot factory to churn out a terawatt of AI compute a year for robots and orbital data centers.",Watch,https://youtu.be/LLv48FVE1Jw
It’s Finally Happening: Cybercab Driving Empty in Austin by Tesla Jigsaw,"In August 2026, as Tesla prepared to manufacture Optimus robots at scale, driverless Cybercabs began roaming Austin ahead of the September launch event.",Watch,https://youtu.be/5rjhHsl1D1Q
